id,x_px,y_px,x_mm_rel,y_mm_rel,area_px,equiv_diam_px,equiv_diam_um,circularity,is_reference
0,698.0,52.0,-8.0,43.8889,89.0,10.645,591.39,1.0288,0
1,734.0,52.0,-6.0,43.8889,89.0,10.645,591.39,1.0288,0
2,770.0,52.0,-4.0,43.8889,89.0,10.645,591.39,1.0288,0
3,806.0,52.0,-2.0,43.8889,89.0,10.645,591.39,1.0288,0
4,842.0,52.0,0.0,43.8889,89.0,10.645,591.39,1.0288,0
5,878.0,52.0,2.0,43.8889,89.0,10.645,591.39,1.0288,0
6,914.0,52.0,4.0,43.8889,89.0,10.645,591.39,1.0288,0
7,950.0,52.0,6.0,43.8889,89.0,10.645,591.39,1.0288,0
8,986.0,52.0,8.0,43.8889,89.0,10.645,591.39,1.0288,0
9,555.0,88.0,-15.9444,41.8889,89.0,10.645,591.39,1.0288,0
10,591.0,88.0,-13.9444,41.8889,89.0,10.645,591.39,1.0288,0
11,627.0,88.0,-11.9444,41.8889,89.0,10.645,591.39,1.0288,0
12,662.0,88.0,-10.0,41.8889,89.0,10.645,591.39,1.0288,0
13,698.0,88.0,-8.0,41.8889,89.0,10.645,591.39,1.0288,0
14,734.0,88.0,-6.0,41.8889,89.0,10.645,591.39,1.0288,0
15,770.0,88.0,-4.0,41.8889,89.0,10.645,591.39,1.0288,0
16,806.0,88.0,-2.0,41.8889,89.0,10.645,591.39,1.0288,0
17,842.0,88.0,0.0,41.8889,89.0,10.645,591.39,1.0288,0
18,878.0,88.0,2.0,41.8889,89.0,10.645,591.39,1.0288,0
19,914.0,88.0,4.0,41.8889,89.0,10.645,591.39,1.0288,0
20,950.0,88.0,6.0,41.8889,89.0,10.645,591.39,1.0288,0
21,986.0,88.0,8.0,41.8889,89.0,10.645,591.39,1.0288,0
22,1022.0,88.0,10.0,41.8889,89.0,10.645,591.39,1.0288,0
23,1057.0,88.0,11.9444,41.8889,89.0,10.645,591.39,1.0288,0
24,1093.0,88.0,13.9444,41.8889,89.0,10.645,591.39,1.0288,0
25,1129.0,88.0,15.9444,41.8889,89.0,10.645,591.39,1.0288,0
26,483.0,124.0,-19.9444,39.8889,89.0,10.645,591.39,1.0288,0
27,519.0,124.0,-17.9444,39.8889,89.0,10.645,591.39,1.0288,0
28,555.0,124.0,-15.9444,39.8889,89.0,10.645,591.39,1.0288,0
29,591.0,124.0,-13.9444,39.8889,89.0,10.645,591.39,1.0288,0
30,627.0,124.0,-11.9444,39.8889,89.0,10.645,591.39,1.0288,0
31,662.0,124.0,-10.0,39.8889,89.0,10.645,591.39,1.0288,0
32,698.0,124.0,-8.0,39.8889,89.0,10.645,591.39,1.0288,0
33,734.0,124.0,-6.0,39.8889,89.0,10.645,591.39,1.0288,0
34,770.0,124.0,-4.0,39.8889,89.0,10.645,591.39,1.0288,0
35,806.0,124.0,-2.0,39.8889,89.0,10.645,591.39,1.0288,0
36,842.0,124.0,0.0,39.8889,89.0,10.645,591.39,1.0288,0
37,878.0,124.0,2.0,39.8889,89.0,10.645,591.39,1.0288,0
38,914.0,124.0,4.0,39.8889,89.0,10.645,591.39,1.0288,0
39,950.0,124.0,6.0,39.8889,89.0,10.645,591.39,1.0288,0
40,986.0,124.0,8.0,39.8889,89.0,10.645,591.39,1.0288,0
41,1022.0,124.0,10.0,39.8889,89.0,10.645,591.39,1.0288,0
42,1057.0,124.0,11.9444,39.8889,89.0,10.645,591.39,1.0288,0
43,1093.0,124.0,13.9444,39.8889,89.0,10.645,591.39,1.0288,0
44,1129.0,124.0,15.9444,39.8889,89.0,10.645,591.39,1.0288,0
45,1165.0,124.0,17.9444,39.8889,89.0,10.645,591.39,1.0288,0
46,1201.0,124.0,19.9444,39.8889,89.0,10.645,591.39,1.0288,0
47,411.0,160.0,-23.9444,37.8889,89.0,10.645,591.39,1.0288,0
48,447.0,160.0,-21.9444,37.8889,89.0,10.645,591.39,1.0288,0
49,483.0,160.0,-19.9444,37.8889,89.0,10.645,591.39,1.0288,0
50,519.0,160.0,-17.9444,37.8889,89.0,10.645,591.39,1.0288,0
51,555.0,160.0,-15.9444,37.8889,89.0,10.645,591.39,1.0288,0
52,591.0,160.0,-13.9444,37.8889,89.0,10.645,591.39,1.0288,0
53,627.0,160.0,-11.9444,37.8889,89.0,10.645,591.39,1.0288,0
54,662.0,160.0,-10.0,37.8889,89.0,10.645,591.39,1.0288,0
55,698.0,160.0,-8.0,37.8889,89.0,10.645,591.39,1.0288,0
56,734.0,160.0,-6.0,37.8889,89.0,10.645,591.39,1.0288,0
57,770.0,160.0,-4.0,37.8889,89.0,10.645,591.39,1.0288,0
58,806.0,160.0,-2.0,37.8889,89.0,10.645,591.39,1.0288,0
59,842.0,160.0,0.0,37.8889,89.0,10.645,591.39,1.0288,0
60,878.0,160.0,2.0,37.8889,89.0,10.645,591.39,1.0288,0
61,914.0,160.0,4.0,37.8889,89.0,10.645,591.39,1.0288,0
62,950.0,160.0,6.0,37.8889,89.0,10.645,591.39,1.0288,0
63,986.0,160.0,8.0,37.8889,89.0,10.645,591.39,1.0288,0
64,1022.0,160.0,10.0,37.8889,89.0,10.645,591.39,1.0288,0
65,1057.0,160.0,11.9444,37.8889,89.0,10.645,591.39,1.0288,0
66,1093.0,160.0,13.9444,37.8889,89.0,10.645,591.39,1.0288,0
67,1129.0,160.0,15.9444,37.8889,89.0,10.645,591.39,1.0288,0
68,1165.0,160.0,17.9444,37.8889,89.0,10.645,591.39,1.0288,0
69,1201.0,160.0,19.9444,37.8889,89.0,10.645,591.39,1.0288,0
70,1237.0,160.0,21.9444,37.8889,89.0,10.645,591.39,1.0288,0
71,1273.0,160.0,23.9444,37.8889,89.0,10.645,591.39,1.0288,0
72,375.0,196.0,-25.9444,35.8889,89.0,10.645,591.39,1.0288,0
73,411.0,196.0,-23.9444,35.8889,89.0,10.645,591.39,1.0288,0
74,447.0,196.0,-21.9444,35.8889,89.0,10.645,591.39,1.0288,0
75,483.0,196.0,-19.9444,35.8889,89.0,10.645,591.39,1.0288,0
76,519.0,196.0,-17.9444,35.8889,89.0,10.645,591.39,1.0288,0
77,555.0,196.0,-15.9444,35.8889,89.0,10.645,591.39,1.0288,0
78,591.0,196.0,-13.9444,35.8889,89.0,10.645,591.39,1.0288,0
79,627.0,196.0,-11.9444,35.8889,89.0,10.645,591.39,1.0288,0
80,662.0,196.0,-10.0,35.8889,89.0,10.645,591.39,1.0288,0
81,698.0,196.0,-8.0,35.8889,89.0,10.645,591.39,1.0288,0
82,734.0,196.0,-6.0,35.8889,89.0,10.645,591.39,1.0288,0
83,770.0,196.0,-4.0,35.8889,89.0,10.645,591.39,1.0288,0
84,806.0,196.0,-2.0,35.8889,89.0,10.645,591.39,1.0288,0
85,842.0,196.0,0.0,35.8889,89.0,10.645,591.39,1.0288,0
86,878.0,196.0,2.0,35.8889,89.0,10.645,591.39,1.0288,0
87,914.0,196.0,4.0,35.8889,89.0,10.645,591.39,1.0288,0
88,950.0,196.0,6.0,35.8889,89.0,10.645,591.39,1.0288,0
89,986.0,196.0,8.0,35.8889,89.0,10.645,591.39,1.0288,0
90,1022.0,196.0,10.0,35.8889,89.0,10.645,591.39,1.0288,0
91,1057.0,196.0,11.9444,35.8889,89.0,10.645,591.39,1.0288,0
92,1093.0,196.0,13.9444,35.8889,89.0,10.645,591.39,1.0288,0
93,1129.0,196.0,15.9444,35.8889,89.0,10.645,591.39,1.0288,0
94,1165.0,196.0,17.9444,35.8889,89.0,10.645,591.39,1.0288,0
95,1201.0,196.0,19.9444,35.8889,89.0,10.645,591.39,1.0288,0
96,1237.0,196.0,21.9444,35.8889,89.0,10.645,591.39,1.0288,0
97,1273.0,196.0,23.9444,35.8889,89.0,10.645,591.39,1.0288,0
98,1309.0,196.0,25.9444,35.8889,89.0,10.645,591.39,1.0288,0
99,339.0,231.0,-27.9444,33.9444,89.0,10.645,591.39,1.0288,0
100,375.0,231.0,-25.9444,33.9444,89.0,10.645,591.39,1.0288,0
101,411.0,231.0,-23.9444,33.9444,89.0,10.645,591.39,1.0288,0
102,447.0,231.0,-21.9444,33.9444,89.0,10.645,591.39,1.0288,0
103,483.0,231.0,-19.9444,33.9444,89.0,10.645,591.39,1.0288,0
104,519.0,231.0,-17.9444,33.9444,89.0,10.645,591.39,1.0288,0
105,555.0,231.0,-15.9444,33.9444,89.0,10.645,591.39,1.0288,0
106,591.0,231.0,-13.9444,33.9444,89.0,10.645,591.39,1.0288,0
107,627.0,231.0,-11.9444,33.9444,89.0,10.645,591.39,1.0288,0
108,662.0,231.0,-10.0,33.9444,89.0,10.645,591.39,1.0288,0
109,698.0,231.0,-8.0,33.9444,89.0,10.645,591.39,1.0288,0
110,734.0,231.0,-6.0,33.9444,89.0,10.645,591.39,1.0288,0
111,770.0,231.0,-4.0,33.9444,89.0,10.645,591.39,1.0288,0
112,806.0,231.0,-2.0,33.9444,89.0,10.645,591.39,1.0288,0
113,842.0,231.0,0.0,33.9444,89.0,10.645,591.39,1.0288,0
114,878.0,231.0,2.0,33.9444,89.0,10.645,591.39,1.0288,0
115,914.0,231.0,4.0,33.9444,89.0,10.645,591.39,1.0288,0
116,950.0,231.0,6.0,33.9444,89.0,10.645,591.39,1.0288,0
117,986.0,231.0,8.0,33.9444,89.0,10.645,591.39,1.0288,0
118,1022.0,231.0,10.0,33.9444,89.0,10.645,591.39,1.0288,0
119,1057.0,231.0,11.9444,33.9444,89.0,10.645,591.39,1.0288,0
120,1093.0,231.0,13.9444,33.9444,89.0,10.645,591.39,1.0288,0
121,1129.0,231.0,15.9444,33.9444,89.0,10.645,591.39,1.0288,0
122,1165.0,231.0,17.9444,33.9444,89.0,10.645,591.39,1.0288,0
123,1201.0,231.0,19.9444,33.9444,89.0,10.645,591.39,1.0288,0
124,1237.0,231.0,21.9444,33.9444,89.0,10.645,591.39,1.0288,0
125,1273.0,231.0,23.9444,33.9444,89.0,10.645,591.39,1.0288,0
126,1309.0,231.0,25.9444,33.9444,89.0,10.645,591.39,1.0288,0
127,1345.0,231.0,27.9444,33.9444,89.0,10.645,591.39,1.0288,0
128,303.0,267.0,-29.9444,31.9444,89.0,10.645,591.39,1.0288,0
129,339.0,267.0,-27.9444,31.9444,89.0,10.645,591.39,1.0288,0
130,375.0,267.0,-25.9444,31.9444,89.0,10.645,591.39,1.0288,0
131,411.0,267.0,-23.9444,31.9444,89.0,10.645,591.39,1.0288,0
132,447.0,267.0,-21.9444,31.9444,89.0,10.645,591.39,1.0288,0
133,483.0,267.0,-19.9444,31.9444,89.0,10.645,591.39,1.0288,0
134,519.0,267.0,-17.9444,31.9444,89.0,10.645,591.39,1.0288,0
135,555.0,267.0,-15.9444,31.9444,89.0,10.645,591.39,1.0288,0
136,591.0,267.0,-13.9444,31.9444,89.0,10.645,591.39,1.0288,0
137,627.0,267.0,-11.9444,31.9444,89.0,10.645,591.39,1.0288,0
138,662.0,267.0,-10.0,31.9444,89.0,10.645,591.39,1.0288,0
139,698.0,267.0,-8.0,31.9444,89.0,10.645,591.39,1.0288,0
140,734.0,267.0,-6.0,31.9444,89.0,10.645,591.39,1.0288,0
141,770.0,267.0,-4.0,31.9444,89.0,10.645,591.39,1.0288,0
142,806.0,267.0,-2.0,31.9444,89.0,10.645,591.39,1.0288,0
143,842.0,267.0,0.0,31.9444,89.0,10.645,591.39,1.0288,0
144,878.0,267.0,2.0,31.9444,89.0,10.645,591.39,1.0288,0
145,914.0,267.0,4.0,31.9444,89.0,10.645,591.39,1.0288,0
146,950.0,267.0,6.0,31.9444,89.0,10.645,591.39,1.0288,0
147,986.0,267.0,8.0,31.9444,89.0,10.645,591.39,1.0288,0
148,1022.0,267.0,10.0,31.9444,89.0,10.645,591.39,1.0288,0
149,1057.0,267.0,11.9444,31.9444,89.0,10.645,591.39,1.0288,0
150,1093.0,267.0,13.9444,31.9444,89.0,10.645,591.39,1.0288,0
151,1129.0,267.0,15.9444,31.9444,89.0,10.645,591.39,1.0288,0
152,1165.0,267.0,17.9444,31.9444,89.0,10.645,591.39,1.0288,0
153,1201.0,267.0,19.9444,31.9444,89.0,10.645,591.39,1.0288,0
154,1237.0,267.0,21.9444,31.9444,89.0,10.645,591.39,1.0288,0
155,1273.0,267.0,23.9444,31.9444,89.0,10.645,591.39,1.0288,0
156,1309.0,267.0,25.9444,31.9444,89.0,10.645,591.39,1.0288,0
157,1345.0,267.0,27.9444,31.9444,89.0,10.645,591.39,1.0288,0
158,1381.0,267.0,29.9444,31.9444,89.0,10.645,591.39,1.0288,0
159,267.0,303.0,-31.9444,29.9444,89.0,10.645,591.39,1.0288,0
160,303.0,303.0,-29.9444,29.9444,89.0,10.645,591.39,1.0288,0
161,339.0,303.0,-27.9444,29.9444,89.0,10.645,591.39,1.0288,0
162,375.0,303.0,-25.9444,29.9444,89.0,10.645,591.39,1.0288,0
163,411.0,303.0,-23.9444,29.9444,89.0,10.645,591.39,1.0288,0
164,447.0,303.0,-21.9444,29.9444,89.0,10.645,591.39,1.0288,0
165,483.0,303.0,-19.9444,29.9444,89.0,10.645,591.39,1.0288,0
166,519.0,303.0,-17.9444,29.9444,89.0,10.645,591.39,1.0288,0
167,555.0,303.0,-15.9444,29.9444,89.0,10.645,591.39,1.0288,0
168,591.0,303.0,-13.9444,29.9444,89.0,10.645,591.39,1.0288,0
169,627.0,303.0,-11.9444,29.9444,89.0,10.645,591.39,1.0288,0
170,662.0,303.0,-10.0,29.9444,89.0,10.645,591.39,1.0288,0
171,698.0,303.0,-8.0,29.9444,89.0,10.645,591.39,1.0288,0
172,734.0,303.0,-6.0,29.9444,89.0,10.645,591.39,1.0288,0
173,770.0,303.0,-4.0,29.9444,89.0,10.645,591.39,1.0288,0
174,806.0,303.0,-2.0,29.9444,89.0,10.645,591.39,1.0288,0
175,842.0,303.0,0.0,29.9444,89.0,10.645,591.39,1.0288,0
176,878.0,303.0,2.0,29.9444,89.0,10.645,591.39,1.0288,0
177,914.0,303.0,4.0,29.9444,89.0,10.645,591.39,1.0288,0
178,950.0,303.0,6.0,29.9444,89.0,10.645,591.39,1.0288,0
179,986.0,303.0,8.0,29.9444,89.0,10.645,591.39,1.0288,0
180,1022.0,303.0,10.0,29.9444,89.0,10.645,591.39,1.0288,0
181,1057.0,303.0,11.9444,29.9444,89.0,10.645,591.39,1.0288,0
182,1093.0,303.0,13.9444,29.9444,89.0,10.645,591.39,1.0288,0
183,1129.0,303.0,15.9444,29.9444,89.0,10.645,591.39,1.0288,0
184,1165.0,303.0,17.9444,29.9444,89.0,10.645,591.39,1.0288,0
185,1201.0,303.0,19.9444,29.9444,89.0,10.645,591.39,1.0288,0
186,1237.0,303.0,21.9444,29.9444,89.0,10.645,591.39,1.0288,0
187,1273.0,303.0,23.9444,29.9444,89.0,10.645,591.39,1.0288,0
188,1309.0,303.0,25.9444,29.9444,89.0,10.645,591.39,1.0288,0
189,1345.0,303.0,27.9444,29.9444,89.0,10.645,591.39,1.0288,0
190,1381.0,303.0,29.9444,29.9444,89.0,10.645,591.39,1.0288,0
191,1417.0,303.0,31.9444,29.9444,89.0,10.645,591.39,1.0288,0
192,231.0,339.0,-33.9444,27.9444,89.0,10.645,591.39,1.0288,0
193,267.0,339.0,-31.9444,27.9444,89.0,10.645,591.39,1.0288,0
194,303.0,339.0,-29.9444,27.9444,89.0,10.645,591.39,1.0288,0
195,339.0,339.0,-27.9444,27.9444,89.0,10.645,591.39,1.0288,0
196,375.0,339.0,-25.9444,27.9444,89.0,10.645,591.39,1.0288,0
197,411.0,339.0,-23.9444,27.9444,89.0,10.645,591.39,1.0288,0
198,447.0,339.0,-21.9444,27.9444,89.0,10.645,591.39,1.0288,0
199,483.0,339.0,-19.9444,27.9444,89.0,10.645,591.39,1.0288,0
200,519.0,339.0,-17.9444,27.9444,89.0,10.645,591.39,1.0288,0
201,555.0,339.0,-15.9444,27.9444,89.0,10.645,591.39,1.0288,0
202,591.0,339.0,-13.9444,27.9444,89.0,10.645,591.39,1.0288,0
203,627.0,339.0,-11.9444,27.9444,89.0,10.645,591.39,1.0288,0
204,662.0,339.0,-10.0,27.9444,89.0,10.645,591.39,1.0288,0
205,698.0,339.0,-8.0,27.9444,89.0,10.645,591.39,1.0288,0
206,734.0,339.0,-6.0,27.9444,89.0,10.645,591.39,1.0288,0
207,770.0,339.0,-4.0,27.9444,89.0,10.645,591.39,1.0288,0
208,806.0,339.0,-2.0,27.9444,89.0,10.645,591.39,1.0288,0
209,842.0,339.0,0.0,27.9444,89.0,10.645,591.39,1.0288,0
210,878.0,339.0,2.0,27.9444,89.0,10.645,591.39,1.0288,0
211,914.0,339.0,4.0,27.9444,89.0,10.645,591.39,1.0288,0
212,950.0,339.0,6.0,27.9444,89.0,10.645,591.39,1.0288,0
213,986.0,339.0,8.0,27.9444,89.0,10.645,591.39,1.0288,0
214,1022.0,339.0,10.0,27.9444,89.0,10.645,591.39,1.0288,0
215,1057.0,339.0,11.9444,27.9444,89.0,10.645,591.39,1.0288,0
216,1093.0,339.0,13.9444,27.9444,89.0,10.645,591.39,1.0288,0
217,1129.0,339.0,15.9444,27.9444,89.0,10.645,591.39,1.0288,0
218,1165.0,339.0,17.9444,27.9444,89.0,10.645,591.39,1.0288,0
219,1201.0,339.0,19.9444,27.9444,89.0,10.645,591.39,1.0288,0
220,1237.0,339.0,21.9444,27.9444,89.0,10.645,591.39,1.0288,0
221,1273.0,339.0,23.9444,27.9444,89.0,10.645,591.39,1.0288,0
222,1309.0,339.0,25.9444,27.9444,89.0,10.645,591.39,1.0288,0
223,1345.0,339.0,27.9444,27.9444,89.0,10.645,591.39,1.0288,0
224,1381.0,339.0,29.9444,27.9444,89.0,10.645,591.39,1.0288,0
225,1417.0,339.0,31.9444,27.9444,89.0,10.645,591.39,1.0288,0
226,1453.0,339.0,33.9444,27.9444,89.0,10.645,591.39,1.0288,0
227,196.0,375.0,-35.8889,25.9444,89.0,10.645,591.39,1.0288,0
228,231.0,375.0,-33.9444,25.9444,89.0,10.645,591.39,1.0288,0
229,267.0,375.0,-31.9444,25.9444,89.0,10.645,591.39,1.0288,0
230,303.0,375.0,-29.9444,25.9444,89.0,10.645,591.39,1.0288,0
231,339.0,375.0,-27.9444,25.9444,89.0,10.645,591.39,1.0288,0
232,375.0,375.0,-25.9444,25.9444,89.0,10.645,591.39,1.0288,0
233,411.0,375.0,-23.9444,25.9444,89.0,10.645,591.39,1.0288,0
234,447.0,375.0,-21.9444,25.9444,89.0,10.645,591.39,1.0288,0
235,483.0,375.0,-19.9444,25.9444,89.0,10.645,591.39,1.0288,0
236,519.0,375.0,-17.9444,25.9444,89.0,10.645,591.39,1.0288,0
237,555.0,375.0,-15.9444,25.9444,89.0,10.645,591.39,1.0288,0
238,591.0,375.0,-13.9444,25.9444,89.0,10.645,591.39,1.0288,0
239,627.0,375.0,-11.9444,25.9444,89.0,10.645,591.39,1.0288,0
240,662.0,375.0,-10.0,25.9444,89.0,10.645,591.39,1.0288,0
241,698.0,375.0,-8.0,25.9444,89.0,10.645,591.39,1.0288,0
242,734.0,375.0,-6.0,25.9444,89.0,10.645,591.39,1.0288,0
243,770.0,375.0,-4.0,25.9444,89.0,10.645,591.39,1.0288,0
244,806.0,375.0,-2.0,25.9444,89.0,10.645,591.39,1.0288,0
245,842.0,375.0,0.0,25.9444,89.0,10.645,591.39,1.0288,0
246,878.0,375.0,2.0,25.9444,89.0,10.645,591.39,1.0288,0
247,914.0,375.0,4.0,25.9444,89.0,10.645,591.39,1.0288,0
248,950.0,375.0,6.0,25.9444,89.0,10.645,591.39,1.0288,0
249,986.0,375.0,8.0,25.9444,89.0,10.645,591.39,1.0288,0
250,1022.0,375.0,10.0,25.9444,89.0,10.645,591.39,1.0288,0
251,1057.0,375.0,11.9444,25.9444,89.0,10.645,591.39,1.0288,0
252,1093.0,375.0,13.9444,25.9444,89.0,10.645,591.39,1.0288,0
253,1129.0,375.0,15.9444,25.9444,89.0,10.645,591.39,1.0288,0
254,1165.0,375.0,17.9444,25.9444,89.0,10.645,591.39,1.0288,0
255,1201.0,375.0,19.9444,25.9444,89.0,10.645,591.39,1.0288,0
256,1237.0,375.0,21.9444,25.9444,89.0,10.645,591.39,1.0288,0
257,1273.0,375.0,23.9444,25.9444,89.0,10.645,591.39,1.0288,0
258,1309.0,375.0,25.9444,25.9444,89.0,10.645,591.39,1.0288,0
259,1345.0,375.0,27.9444,25.9444,89.0,10.645,591.39,1.0288,0
260,1381.0,375.0,29.9444,25.9444,89.0,10.645,591.39,1.0288,0
261,1417.0,375.0,31.9444,25.9444,89.0,10.645,591.39,1.0288,0
262,1453.0,375.0,33.9444,25.9444,89.0,10.645,591.39,1.0288,0
263,1488.0,375.0,35.8889,25.9444,89.0,10.645,591.39,1.0288,0
264,160.0,411.0,-37.8889,23.9444,89.0,10.645,591.39,1.0288,0
265,196.0,411.0,-35.8889,23.9444,89.0,10.645,591.39,1.0288,0
266,231.0,411.0,-33.9444,23.9444,89.0,10.645,591.39,1.0288,0
267,267.0,411.0,-31.9444,23.9444,89.0,10.645,591.39,1.0288,0
268,303.0,411.0,-29.9444,23.9444,89.0,10.645,591.39,1.0288,0
269,339.0,411.0,-27.9444,23.9444,89.0,10.645,591.39,1.0288,0
270,375.0,411.0,-25.9444,23.9444,89.0,10.645,591.39,1.0288,0
271,411.0,411.0,-23.9444,23.9444,89.0,10.645,591.39,1.0288,0
272,447.0,411.0,-21.9444,23.9444,89.0,10.645,591.39,1.0288,0
273,483.0,411.0,-19.9444,23.9444,89.0,10.645,591.39,1.0288,0
274,519.0,411.0,-17.9444,23.9444,89.0,10.645,591.39,1.0288,0
275,555.0,411.0,-15.9444,23.9444,89.0,10.645,591.39,1.0288,0
276,591.0,411.0,-13.9444,23.9444,89.0,10.645,591.39,1.0288,0
277,627.0,411.0,-11.9444,23.9444,89.0,10.645,591.39,1.0288,0
278,662.0,411.0,-10.0,23.9444,89.0,10.645,591.39,1.0288,0
279,698.0,411.0,-8.0,23.9444,89.0,10.645,591.39,1.0288,0
280,734.0,411.0,-6.0,23.9444,89.0,10.645,591.39,1.0288,0
281,770.0,411.0,-4.0,23.9444,89.0,10.645,591.39,1.0288,0
282,806.0,411.0,-2.0,23.9444,89.0,10.645,591.39,1.0288,0
283,842.0,411.0,0.0,23.9444,89.0,10.645,591.39,1.0288,0
284,878.0,411.0,2.0,23.9444,89.0,10.645,591.39,1.0288,0
285,914.0,411.0,4.0,23.9444,89.0,10.645,591.39,1.0288,0
286,950.0,411.0,6.0,23.9444,89.0,10.645,591.39,1.0288,0
287,986.0,411.0,8.0,23.9444,89.0,10.645,591.39,1.0288,0
288,1022.0,411.0,10.0,23.9444,89.0,10.645,591.39,1.0288,0
289,1057.0,411.0,11.9444,23.9444,89.0,10.645,591.39,1.0288,0
290,1093.0,411.0,13.9444,23.9444,89.0,10.645,591.39,1.0288,0
291,1129.0,411.0,15.9444,23.9444,89.0,10.645,591.39,1.0288,0
292,1165.0,411.0,17.9444,23.9444,89.0,10.645,591.39,1.0288,0
293,1201.0,411.0,19.9444,23.9444,89.0,10.645,591.39,1.0288,0
294,1237.0,411.0,21.9444,23.9444,89.0,10.645,591.39,1.0288,0
295,1273.0,411.0,23.9444,23.9444,89.0,10.645,591.39,1.0288,0
296,1309.0,411.0,25.9444,23.9444,89.0,10.645,591.39,1.0288,0
297,1345.0,411.0,27.9444,23.9444,89.0,10.645,591.39,1.0288,0
298,1381.0,411.0,29.9444,23.9444,89.0,10.645,591.39,1.0288,0
299,1417.0,411.0,31.9444,23.9444,89.0,10.645,591.39,1.0288,0
300,1453.0,411.0,33.9444,23.9444,89.0,10.645,591.39,1.0288,0
301,1488.0,411.0,35.8889,23.9444,89.0,10.645,591.39,1.0288,0
302,1524.0,411.0,37.8889,23.9444,89.0,10.645,591.39,1.0288,0
303,160.0,447.0,-37.8889,21.9444,89.0,10.645,591.39,1.0288,0
304,196.0,447.0,-35.8889,21.9444,89.0,10.645,591.39,1.0288,0
305,231.0,447.0,-33.9444,21.9444,89.0,10.645,591.39,1.0288,0
306,267.0,447.0,-31.9444,21.9444,89.0,10.645,591.39,1.0288,0
307,303.0,447.0,-29.9444,21.9444,89.0,10.645,591.39,1.0288,0
308,339.0,447.0,-27.9444,21.9444,89.0,10.645,591.39,1.0288,0
309,375.0,447.0,-25.9444,21.9444,89.0,10.645,591.39,1.0288,0
310,411.0,447.0,-23.9444,21.9444,89.0,10.645,591.39,1.0288,0
311,447.0,447.0,-21.9444,21.9444,89.0,10.645,591.39,1.0288,0
312,483.0,447.0,-19.9444,21.9444,89.0,10.645,591.39,1.0288,0
313,519.0,447.0,-17.9444,21.9444,89.0,10.645,591.39,1.0288,0
314,555.0,447.0,-15.9444,21.9444,89.0,10.645,591.39,1.0288,0
315,591.0,447.0,-13.9444,21.9444,89.0,10.645,591.39,1.0288,0
316,627.0,447.0,-11.9444,21.9444,89.0,10.645,591.39,1.0288,0
317,662.0,447.0,-10.0,21.9444,89.0,10.645,591.39,1.0288,0
318,698.0,447.0,-8.0,21.9444,89.0,10.645,591.39,1.0288,0
319,734.0,447.0,-6.0,21.9444,89.0,10.645,591.39,1.0288,0
320,770.0,447.0,-4.0,21.9444,89.0,10.645,591.39,1.0288,0
321,806.0,447.0,-2.0,21.9444,89.0,10.645,591.39,1.0288,0
322,842.0,447.0,0.0,21.9444,89.0,10.645,591.39,1.0288,0
323,878.0,447.0,2.0,21.9444,89.0,10.645,591.39,1.0288,0
324,914.0,447.0,4.0,21.9444,89.0,10.645,591.39,1.0288,0
325,950.0,447.0,6.0,21.9444,89.0,10.645,591.39,1.0288,0
326,986.0,447.0,8.0,21.9444,89.0,10.645,591.39,1.0288,0
327,1022.0,447.0,10.0,21.9444,89.0,10.645,591.39,1.0288,0
328,1057.0,447.0,11.9444,21.9444,89.0,10.645,591.39,1.0288,0
329,1093.0,447.0,13.9444,21.9444,89.0,10.645,591.39,1.0288,0
330,1129.0,447.0,15.9444,21.9444,89.0,10.645,591.39,1.0288,0
331,1165.0,447.0,17.9444,21.9444,89.0,10.645,591.39,1.0288,0
332,1201.0,447.0,19.9444,21.9444,89.0,10.645,591.39,1.0288,0
333,1237.0,447.0,21.9444,21.9444,89.0,10.645,591.39,1.0288,0
334,1273.0,447.0,23.9444,21.9444,89.0,10.645,591.39,1.0288,0
335,1309.0,447.0,25.9444,21.9444,89.0,10.645,591.39,1.0288,0
336,1345.0,447.0,27.9444,21.9444,89.0,10.645,591.39,1.0288,0
337,1381.0,447.0,29.9444,21.9444,89.0,10.645,591.39,1.0288,0
338,1417.0,447.0,31.9444,21.9444,89.0,10.645,591.39,1.0288,0
339,1453.0,447.0,33.9444,21.9444,89.0,10.645,591.39,1.0288,0
340,1488.0,447.0,35.8889,21.9444,89.0,10.645,591.39,1.0288,0
341,1524.0,447.0,37.8889,21.9444,89.0,10.645,591.39,1.0288,0
342,124.0,483.0,-39.8889,19.9444,89.0,10.645,591.39,1.0288,0
343,160.0,483.0,-37.8889,19.9444,89.0,10.645,591.39,1.0288,0
344,196.0,483.0,-35.8889,19.9444,89.0,10.645,591.39,1.0288,0
345,231.0,483.0,-33.9444,19.9444,89.0,10.645,591.39,1.0288,0
346,267.0,483.0,-31.9444,19.9444,89.0,10.645,591.39,1.0288,0
347,303.0,483.0,-29.9444,19.9444,89.0,10.645,591.39,1.0288,0
348,339.0,483.0,-27.9444,19.9444,89.0,10.645,591.39,1.0288,0
349,375.0,483.0,-25.9444,19.9444,89.0,10.645,591.39,1.0288,0
350,411.0,483.0,-23.9444,19.9444,89.0,10.645,591.39,1.0288,0
351,447.0,483.0,-21.9444,19.9444,89.0,10.645,591.39,1.0288,0
352,483.0,483.0,-19.9444,19.9444,89.0,10.645,591.39,1.0288,0
353,519.0,483.0,-17.9444,19.9444,89.0,10.645,591.39,1.0288,0
354,555.0,483.0,-15.9444,19.9444,89.0,10.645,591.39,1.0288,0
355,591.0,483.0,-13.9444,19.9444,89.0,10.645,591.39,1.0288,0
356,627.0,483.0,-11.9444,19.9444,89.0,10.645,591.39,1.0288,0
357,662.0,483.0,-10.0,19.9444,89.0,10.645,591.39,1.0288,0
358,698.0,483.0,-8.0,19.9444,89.0,10.645,591.39,1.0288,0
359,734.0,483.0,-6.0,19.9444,89.0,10.645,591.39,1.0288,0
360,770.0,483.0,-4.0,19.9444,89.0,10.645,591.39,1.0288,0
361,806.0,483.0,-2.0,19.9444,89.0,10.645,591.39,1.0288,0
362,842.0,483.0,0.0,19.9444,89.0,10.645,591.39,1.0288,0
363,878.0,483.0,2.0,19.9444,89.0,10.645,591.39,1.0288,0
364,914.0,483.0,4.0,19.9444,89.0,10.645,591.39,1.0288,0
365,950.0,483.0,6.0,19.9444,89.0,10.645,591.39,1.0288,0
366,986.0,483.0,8.0,19.9444,89.0,10.645,591.39,1.0288,0
367,1022.0,483.0,10.0,19.9444,89.0,10.645,591.39,1.0288,0
368,1057.0,483.0,11.9444,19.9444,89.0,10.645,591.39,1.0288,0
369,1093.0,483.0,13.9444,19.9444,89.0,10.645,591.39,1.0288,0
370,1129.0,483.0,15.9444,19.9444,89.0,10.645,591.39,1.0288,0
371,1165.0,483.0,17.9444,19.9444,89.0,10.645,591.39,1.0288,0
372,1201.0,483.0,19.9444,19.9444,89.0,10.645,591.39,1.0288,0
373,1237.0,483.0,21.9444,19.9444,89.0,10.645,591.39,1.0288,0
374,1273.0,483.0,23.9444,19.9444,89.0,10.645,591.39,1.0288,0
375,1309.0,483.0,25.9444,19.9444,89.0,10.645,591.39,1.0288,0
376,1345.0,483.0,27.9444,19.9444,89.0,10.645,591.39,1.0288,0
377,1381.0,483.0,29.9444,19.9444,89.0,10.645,591.39,1.0288,0
378,1417.0,483.0,31.9444,19.9444,89.0,10.645,591.39,1.0288,0
379,1453.0,483.0,33.9444,19.9444,89.0,10.645,591.39,1.0288,0
380,1488.0,483.0,35.8889,19.9444,89.0,10.645,591.39,1.0288,0
381,1524.0,483.0,37.8889,19.9444,89.0,10.645,591.39,1.0288,0
382,1560.0,483.0,39.8889,19.9444,89.0,10.645,591.39,1.0288,0
383,124.0,519.0,-39.8889,17.9444,89.0,10.645,591.39,1.0288,0
384,160.0,519.0,-37.8889,17.9444,89.0,10.645,591.39,1.0288,0
385,196.0,519.0,-35.8889,17.9444,89.0,10.645,591.39,1.0288,0
386,231.0,519.0,-33.9444,17.9444,89.0,10.645,591.39,1.0288,0
387,267.0,519.0,-31.9444,17.9444,89.0,10.645,591.39,1.0288,0
388,303.0,519.0,-29.9444,17.9444,89.0,10.645,591.39,1.0288,0
389,339.0,519.0,-27.9444,17.9444,89.0,10.645,591.39,1.0288,0
390,375.0,519.0,-25.9444,17.9444,89.0,10.645,591.39,1.0288,0
391,411.0,519.0,-23.9444,17.9444,89.0,10.645,591.39,1.0288,0
392,447.0,519.0,-21.9444,17.9444,89.0,10.645,591.39,1.0288,0
393,483.0,519.0,-19.9444,17.9444,89.0,10.645,591.39,1.0288,0
394,519.0,519.0,-17.9444,17.9444,89.0,10.645,591.39,1.0288,0
395,555.0,519.0,-15.9444,17.9444,89.0,10.645,591.39,1.0288,0
396,591.0,519.0,-13.9444,17.9444,89.0,10.645,591.39,1.0288,0
397,627.0,519.0,-11.9444,17.9444,89.0,10.645,591.39,1.0288,0
398,662.0,519.0,-10.0,17.9444,89.0,10.645,591.39,1.0288,0
399,698.0,519.0,-8.0,17.9444,89.0,10.645,591.39,1.0288,0
400,734.0,519.0,-6.0,17.9444,89.0,10.645,591.39,1.0288,0
401,770.0,519.0,-4.0,17.9444,89.0,10.645,591.39,1.0288,0
402,806.0,519.0,-2.0,17.9444,89.0,10.645,591.39,1.0288,0
403,842.0,519.0,0.0,17.9444,89.0,10.645,591.39,1.0288,0
404,878.0,519.0,2.0,17.9444,89.0,10.645,591.39,1.0288,0
405,914.0,519.0,4.0,17.9444,89.0,10.645,591.39,1.0288,0
406,950.0,519.0,6.0,17.9444,89.0,10.645,591.39,1.0288,0
407,986.0,519.0,8.0,17.9444,89.0,10.645,591.39,1.0288,0
408,1022.0,519.0,10.0,17.9444,89.0,10.645,591.39,1.0288,0
409,1057.0,519.0,11.9444,17.9444,89.0,10.645,591.39,1.0288,0
410,1093.0,519.0,13.9444,17.9444,89.0,10.645,591.39,1.0288,0
411,1129.0,519.0,15.9444,17.9444,89.0,10.645,591.39,1.0288,0
412,1165.0,519.0,17.9444,17.9444,89.0,10.645,591.39,1.0288,0
413,1201.0,519.0,19.9444,17.9444,89.0,10.645,591.39,1.0288,0
414,1237.0,519.0,21.9444,17.9444,89.0,10.645,591.39,1.0288,0
415,1273.0,519.0,23.9444,17.9444,89.0,10.645,591.39,1.0288,0
416,1309.0,519.0,25.9444,17.9444,89.0,10.645,591.39,1.0288,0
417,1345.0,519.0,27.9444,17.9444,89.0,10.645,591.39,1.0288,0
418,1381.0,519.0,29.9444,17.9444,89.0,10.645,591.39,1.0288,0
419,1417.0,519.0,31.9444,17.9444,89.0,10.645,591.39,1.0288,0
420,1453.0,519.0,33.9444,17.9444,89.0,10.645,591.39,1.0288,0
421,1488.0,519.0,35.8889,17.9444,89.0,10.645,591.39,1.0288,0
422,1524.0,519.0,37.8889,17.9444,89.0,10.645,591.39,1.0288,0
423,1560.0,519.0,39.8889,17.9444,89.0,10.645,591.39,1.0288,0
424,88.0,555.0,-41.8889,15.9444,89.0,10.645,591.39,1.0288,0
425,124.0,555.0,-39.8889,15.9444,89.0,10.645,591.39,1.0288,0
426,160.0,555.0,-37.8889,15.9444,89.0,10.645,591.39,1.0288,0
427,196.0,555.0,-35.8889,15.9444,89.0,10.645,591.39,1.0288,0
428,231.0,555.0,-33.9444,15.9444,89.0,10.645,591.39,1.0288,0
429,267.0,555.0,-31.9444,15.9444,89.0,10.645,591.39,1.0288,0
430,303.0,555.0,-29.9444,15.9444,89.0,10.645,591.39,1.0288,0
431,339.0,555.0,-27.9444,15.9444,89.0,10.645,591.39,1.0288,0
432,375.0,555.0,-25.9444,15.9444,89.0,10.645,591.39,1.0288,0
433,411.0,555.0,-23.9444,15.9444,89.0,10.645,591.39,1.0288,0
434,447.0,555.0,-21.9444,15.9444,89.0,10.645,591.39,1.0288,0
435,483.0,555.0,-19.9444,15.9444,89.0,10.645,591.39,1.0288,0
436,519.0,555.0,-17.9444,15.9444,89.0,10.645,591.39,1.0288,0
437,555.0,555.0,-15.9444,15.9444,89.0,10.645,591.39,1.0288,0
438,591.0,555.0,-13.9444,15.9444,89.0,10.645,591.39,1.0288,0
439,627.0,555.0,-11.9444,15.9444,89.0,10.645,591.39,1.0288,0
440,662.0,555.0,-10.0,15.9444,89.0,10.645,591.39,1.0288,0
441,698.0,555.0,-8.0,15.9444,89.0,10.645,591.39,1.0288,0
442,734.0,555.0,-6.0,15.9444,89.0,10.645,591.39,1.0288,0
443,770.0,555.0,-4.0,15.9444,89.0,10.645,591.39,1.0288,0
444,806.0,555.0,-2.0,15.9444,89.0,10.645,591.39,1.0288,0
445,842.0,555.0,0.0,15.9444,89.0,10.645,591.39,1.0288,0
446,878.0,555.0,2.0,15.9444,89.0,10.645,591.39,1.0288,0
447,914.0,555.0,4.0,15.9444,89.0,10.645,591.39,1.0288,0
448,950.0,555.0,6.0,15.9444,89.0,10.645,591.39,1.0288,0
449,986.0,555.0,8.0,15.9444,89.0,10.645,591.39,1.0288,0
450,1022.0,555.0,10.0,15.9444,89.0,10.645,591.39,1.0288,0
451,1057.0,555.0,11.9444,15.9444,89.0,10.645,591.39,1.0288,0
452,1093.0,555.0,13.9444,15.9444,89.0,10.645,591.39,1.0288,0
453,1129.0,555.0,15.9444,15.9444,89.0,10.645,591.39,1.0288,0
454,1165.0,555.0,17.9444,15.9444,89.0,10.645,591.39,1.0288,0
455,1201.0,555.0,19.9444,15.9444,89.0,10.645,591.39,1.0288,0
456,1237.0,555.0,21.9444,15.9444,89.0,10.645,591.39,1.0288,0
457,1273.0,555.0,23.9444,15.9444,89.0,10.645,591.39,1.0288,0
458,1309.0,555.0,25.9444,15.9444,89.0,10.645,591.39,1.0288,0
459,1345.0,555.0,27.9444,15.9444,89.0,10.645,591.39,1.0288,0
460,1381.0,555.0,29.9444,15.9444,89.0,10.645,591.39,1.0288,0
461,1417.0,555.0,31.9444,15.9444,89.0,10.645,591.39,1.0288,0
462,1453.0,555.0,33.9444,15.9444,89.0,10.645,591.39,1.0288,0
463,1488.0,555.0,35.8889,15.9444,89.0,10.645,591.39,1.0288,0
464,1524.0,555.0,37.8889,15.9444,89.0,10.645,591.39,1.0288,0
465,1560.0,555.0,39.8889,15.9444,89.0,10.645,591.39,1.0288,0
466,1596.0,555.0,41.8889,15.9444,89.0,10.645,591.39,1.0288,0
467,88.0,591.0,-41.8889,13.9444,89.0,10.645,591.39,1.0288,0
468,124.0,591.0,-39.8889,13.9444,89.0,10.645,591.39,1.0288,0
469,160.0,591.0,-37.8889,13.9444,89.0,10.645,591.39,1.0288,0
470,196.0,591.0,-35.8889,13.9444,89.0,10.645,591.39,1.0288,0
471,231.0,591.0,-33.9444,13.9444,89.0,10.645,591.39,1.0288,0
472,267.0,591.0,-31.9444,13.9444,89.0,10.645,591.39,1.0288,0
473,303.0,591.0,-29.9444,13.9444,89.0,10.645,591.39,1.0288,0
474,339.0,591.0,-27.9444,13.9444,89.0,10.645,591.39,1.0288,0
475,375.0,591.0,-25.9444,13.9444,89.0,10.645,591.39,1.0288,0
476,411.0,591.0,-23.9444,13.9444,89.0,10.645,591.39,1.0288,0
477,447.0,591.0,-21.9444,13.9444,89.0,10.645,591.39,1.0288,0
478,483.0,591.0,-19.9444,13.9444,89.0,10.645,591.39,1.0288,0
479,519.0,591.0,-17.9444,13.9444,89.0,10.645,591.39,1.0288,0
480,555.0,591.0,-15.9444,13.9444,89.0,10.645,591.39,1.0288,0
481,591.0,591.0,-13.9444,13.9444,89.0,10.645,591.39,1.0288,0
482,627.0,591.0,-11.9444,13.9444,89.0,10.645,591.39,1.0288,0
483,662.0,591.0,-10.0,13.9444,89.0,10.645,591.39,1.0288,0
484,698.0,591.0,-8.0,13.9444,89.0,10.645,591.39,1.0288,0
485,734.0,591.0,-6.0,13.9444,89.0,10.645,591.39,1.0288,0
486,770.0,591.0,-4.0,13.9444,89.0,10.645,591.39,1.0288,0
487,806.0,591.0,-2.0,13.9444,89.0,10.645,591.39,1.0288,0
488,842.0,591.0,0.0,13.9444,89.0,10.645,591.39,1.0288,0
489,878.0,591.0,2.0,13.9444,89.0,10.645,591.39,1.0288,0
490,914.0,591.0,4.0,13.9444,89.0,10.645,591.39,1.0288,0
491,950.0,591.0,6.0,13.9444,89.0,10.645,591.39,1.0288,0
492,986.0,591.0,8.0,13.9444,89.0,10.645,591.39,1.0288,0
493,1022.0,591.0,10.0,13.9444,89.0,10.645,591.39,1.0288,0
494,1057.0,591.0,11.9444,13.9444,89.0,10.645,591.39,1.0288,0
495,1093.0,591.0,13.9444,13.9444,89.0,10.645,591.39,1.0288,0
496,1129.0,591.0,15.9444,13.9444,89.0,10.645,591.39,1.0288,0
497,1165.0,591.0,17.9444,13.9444,89.0,10.645,591.39,1.0288,0
498,1201.0,591.0,19.9444,13.9444,89.0,10.645,591.39,1.0288,0
499,1237.0,591.0,21.9444,13.9444,89.0,10.645,591.39,1.0288,0
500,1273.0,591.0,23.9444,13.9444,89.0,10.645,591.39,1.0288,0
501,1309.0,591.0,25.9444,13.9444,89.0,10.645,591.39,1.0288,0
502,1345.0,591.0,27.9444,13.9444,89.0,10.645,591.39,1.0288,0
503,1381.0,591.0,29.9444,13.9444,89.0,10.645,591.39,1.0288,0
504,1417.0,591.0,31.9444,13.9444,89.0,10.645,591.39,1.0288,0
505,1453.0,591.0,33.9444,13.9444,89.0,10.645,591.39,1.0288,0
506,1488.0,591.0,35.8889,13.9444,89.0,10.645,591.39,1.0288,0
507,1524.0,591.0,37.8889,13.9444,89.0,10.645,591.39,1.0288,0
508,1560.0,591.0,39.8889,13.9444,89.0,10.645,591.39,1.0288,0
509,1596.0,591.0,41.8889,13.9444,89.0,10.645,591.39,1.0288,0
510,88.0,627.0,-41.8889,11.9444,89.0,10.645,591.39,1.0288,0
511,124.0,627.0,-39.8889,11.9444,89.0,10.645,591.39,1.0288,0
512,160.0,627.0,-37.8889,11.9444,89.0,10.645,591.39,1.0288,0
513,196.0,627.0,-35.8889,11.9444,89.0,10.645,591.39,1.0288,0
514,231.0,627.0,-33.9444,11.9444,89.0,10.645,591.39,1.0288,0
515,267.0,627.0,-31.9444,11.9444,89.0,10.645,591.39,1.0288,0
516,303.0,627.0,-29.9444,11.9444,89.0,10.645,591.39,1.0288,0
517,339.0,627.0,-27.9444,11.9444,89.0,10.645,591.39,1.0288,0
518,375.0,627.0,-25.9444,11.9444,89.0,10.645,591.39,1.0288,0
519,411.0,627.0,-23.9444,11.9444,89.0,10.645,591.39,1.0288,0
520,447.0,627.0,-21.9444,11.9444,89.0,10.645,591.39,1.0288,0
521,483.0,627.0,-19.9444,11.9444,89.0,10.645,591.39,1.0288,0
522,519.0,627.0,-17.9444,11.9444,89.0,10.645,591.39,1.0288,0
523,555.0,627.0,-15.9444,11.9444,89.0,10.645,591.39,1.0288,0
524,591.0,627.0,-13.9444,11.9444,89.0,10.645,591.39,1.0288,0
525,627.0,627.0,-11.9444,11.9444,89.0,10.645,591.39,1.0288,0
526,662.0,627.0,-10.0,11.9444,89.0,10.645,591.39,1.0288,0
527,698.0,627.0,-8.0,11.9444,89.0,10.645,591.39,1.0288,0
528,734.0,627.0,-6.0,11.9444,89.0,10.645,591.39,1.0288,0
529,770.0,627.0,-4.0,11.9444,89.0,10.645,591.39,1.0288,0
530,806.0,627.0,-2.0,11.9444,89.0,10.645,591.39,1.0288,0
531,842.0,627.0,0.0,11.9444,89.0,10.645,591.39,1.0288,0
532,878.0,627.0,2.0,11.9444,89.0,10.645,591.39,1.0288,0
533,914.0,627.0,4.0,11.9444,89.0,10.645,591.39,1.0288,0
534,950.0,627.0,6.0,11.9444,89.0,10.645,591.39,1.0288,0
535,986.0,627.0,8.0,11.9444,89.0,10.645,591.39,1.0288,0
536,1022.0,627.0,10.0,11.9444,89.0,10.645,591.39,1.0288,0
537,1057.0,627.0,11.9444,11.9444,89.0,10.645,591.39,1.0288,0
538,1093.0,627.0,13.9444,11.9444,89.0,10.645,591.39,1.0288,0
539,1129.0,627.0,15.9444,11.9444,89.0,10.645,591.39,1.0288,0
540,1165.0,627.0,17.9444,11.9444,89.0,10.645,591.39,1.0288,0
541,1201.0,627.0,19.9444,11.9444,89.0,10.645,591.39,1.0288,0
542,1237.0,627.0,21.9444,11.9444,89.0,10.645,591.39,1.0288,0
543,1273.0,627.0,23.9444,11.9444,89.0,10.645,591.39,1.0288,0
544,1309.0,627.0,25.9444,11.9444,89.0,10.645,591.39,1.0288,0
545,1345.0,627.0,27.9444,11.9444,89.0,10.645,591.39,1.0288,0
546,1381.0,627.0,29.9444,11.9444,89.0,10.645,591.39,1.0288,0
547,1417.0,627.0,31.9444,11.9444,89.0,10.645,591.39,1.0288,0
548,1453.0,627.0,33.9444,11.9444,89.0,10.645,591.39,1.0288,0
549,1488.0,627.0,35.8889,11.9444,89.0,10.645,591.39,1.0288,0
550,1524.0,627.0,37.8889,11.9444,89.0,10.645,591.39,1.0288,0
551,1560.0,627.0,39.8889,11.9444,89.0,10.645,591.39,1.0288,0
552,1596.0,627.0,41.8889,11.9444,89.0,10.645,591.39,1.0288,0
553,88.0,662.0,-41.8889,10.0,89.0,10.645,591.39,1.0288,0
554,124.0,662.0,-39.8889,10.0,89.0,10.645,591.39,1.0288,0
555,160.0,662.0,-37.8889,10.0,89.0,10.645,591.39,1.0288,0
556,196.0,662.0,-35.8889,10.0,89.0,10.645,591.39,1.0288,0
557,231.0,662.0,-33.9444,10.0,89.0,10.645,591.39,1.0288,0
558,267.0,662.0,-31.9444,10.0,89.0,10.645,591.39,1.0288,0
559,303.0,662.0,-29.9444,10.0,89.0,10.645,591.39,1.0288,0
560,339.0,662.0,-27.9444,10.0,89.0,10.645,591.39,1.0288,0
561,375.0,662.0,-25.9444,10.0,89.0,10.645,591.39,1.0288,0
562,411.0,662.0,-23.9444,10.0,89.0,10.645,591.39,1.0288,0
563,447.0,662.0,-21.9444,10.0,89.0,10.645,591.39,1.0288,0
564,483.0,662.0,-19.9444,10.0,89.0,10.645,591.39,1.0288,0
565,519.0,662.0,-17.9444,10.0,89.0,10.645,591.39,1.0288,0
566,555.0,662.0,-15.9444,10.0,89.0,10.645,591.39,1.0288,0
567,591.0,662.0,-13.9444,10.0,89.0,10.645,591.39,1.0288,0
568,627.0,662.0,-11.9444,10.0,89.0,10.645,591.39,1.0288,0
569,662.0,662.0,-10.0,10.0,89.0,10.645,591.39,1.0288,0
570,698.0,662.0,-8.0,10.0,89.0,10.645,591.39,1.0288,0
571,734.0,662.0,-6.0,10.0,89.0,10.645,591.39,1.0288,0
572,770.0,662.0,-4.0,10.0,89.0,10.645,591.39,1.0288,0
573,806.0,662.0,-2.0,10.0,89.0,10.645,591.39,1.0288,0
574,842.0,662.0,0.0,10.0,89.0,10.645,591.39,1.0288,0
575,878.0,662.0,2.0,10.0,89.0,10.645,591.39,1.0288,0
576,914.0,662.0,4.0,10.0,89.0,10.645,591.39,1.0288,0
577,950.0,662.0,6.0,10.0,89.0,10.645,591.39,1.0288,0
578,986.0,662.0,8.0,10.0,89.0,10.645,591.39,1.0288,0
579,1022.0,662.0,10.0,10.0,89.0,10.645,591.39,1.0288,0
580,1057.0,662.0,11.9444,10.0,89.0,10.645,591.39,1.0288,0
581,1093.0,662.0,13.9444,10.0,89.0,10.645,591.39,1.0288,0
582,1129.0,662.0,15.9444,10.0,89.0,10.645,591.39,1.0288,0
583,1165.0,662.0,17.9444,10.0,89.0,10.645,591.39,1.0288,0
584,1201.0,662.0,19.9444,10.0,89.0,10.645,591.39,1.0288,0
585,1237.0,662.0,21.9444,10.0,89.0,10.645,591.39,1.0288,0
586,1273.0,662.0,23.9444,10.0,89.0,10.645,591.39,1.0288,0
587,1309.0,662.0,25.9444,10.0,89.0,10.645,591.39,1.0288,0
588,1345.0,662.0,27.9444,10.0,89.0,10.645,591.39,1.0288,0
589,1381.0,662.0,29.9444,10.0,89.0,10.645,591.39,1.0288,0
590,1417.0,662.0,31.9444,10.0,89.0,10.645,591.39,1.0288,0
591,1453.0,662.0,33.9444,10.0,89.0,10.645,591.39,1.0288,0
592,1488.0,662.0,35.8889,10.0,89.0,10.645,591.39,1.0288,0
593,1524.0,662.0,37.8889,10.0,89.0,10.645,591.39,1.0288,0
594,1560.0,662.0,39.8889,10.0,89.0,10.645,591.39,1.0288,0
595,1596.0,662.0,41.8889,10.0,89.0,10.645,591.39,1.0288,0
596,52.0,698.0,-43.8889,8.0,89.0,10.645,591.39,1.0288,0
597,88.0,698.0,-41.8889,8.0,89.0,10.645,591.39,1.0288,0
598,124.0,698.0,-39.8889,8.0,89.0,10.645,591.39,1.0288,0
599,160.0,698.0,-37.8889,8.0,89.0,10.645,591.39,1.0288,0
600,196.0,698.0,-35.8889,8.0,89.0,10.645,591.39,1.0288,0
601,231.0,698.0,-33.9444,8.0,89.0,10.645,591.39,1.0288,0
602,267.0,698.0,-31.9444,8.0,89.0,10.645,591.39,1.0288,0
603,303.0,698.0,-29.9444,8.0,89.0,10.645,591.39,1.0288,0
604,339.0,698.0,-27.9444,8.0,89.0,10.645,591.39,1.0288,0
605,375.0,698.0,-25.9444,8.0,89.0,10.645,591.39,1.0288,0
606,411.0,698.0,-23.9444,8.0,89.0,10.645,591.39,1.0288,0
607,447.0,698.0,-21.9444,8.0,89.0,10.645,591.39,1.0288,0
608,483.0,698.0,-19.9444,8.0,89.0,10.645,591.39,1.0288,0
609,519.0,698.0,-17.9444,8.0,89.0,10.645,591.39,1.0288,0
610,555.0,698.0,-15.9444,8.0,89.0,10.645,591.39,1.0288,0
611,591.0,698.0,-13.9444,8.0,89.0,10.645,591.39,1.0288,0
612,627.0,698.0,-11.9444,8.0,89.0,10.645,591.39,1.0288,0
613,662.0,698.0,-10.0,8.0,89.0,10.645,591.39,1.0288,0
614,698.0,698.0,-8.0,8.0,89.0,10.645,591.39,1.0288,0
615,734.0,698.0,-6.0,8.0,89.0,10.645,591.39,1.0288,0
616,770.0,698.0,-4.0,8.0,89.0,10.645,591.39,1.0288,0
617,806.0,698.0,-2.0,8.0,89.0,10.645,591.39,1.0288,0
618,842.0,698.0,0.0,8.0,89.0,10.645,591.39,1.0288,0
619,878.0,698.0,2.0,8.0,89.0,10.645,591.39,1.0288,0
620,914.0,698.0,4.0,8.0,89.0,10.645,591.39,1.0288,0
621,950.0,698.0,6.0,8.0,89.0,10.645,591.39,1.0288,0
622,986.0,698.0,8.0,8.0,89.0,10.645,591.39,1.0288,0
623,1022.0,698.0,10.0,8.0,89.0,10.645,591.39,1.0288,0
624,1057.0,698.0,11.9444,8.0,89.0,10.645,591.39,1.0288,0
625,1093.0,698.0,13.9444,8.0,89.0,10.645,591.39,1.0288,0
626,1129.0,698.0,15.9444,8.0,89.0,10.645,591.39,1.0288,0
627,1165.0,698.0,17.9444,8.0,89.0,10.645,591.39,1.0288,0
628,1201.0,698.0,19.9444,8.0,89.0,10.645,591.39,1.0288,0
629,1237.0,698.0,21.9444,8.0,89.0,10.645,591.39,1.0288,0
630,1273.0,698.0,23.9444,8.0,89.0,10.645,591.39,1.0288,0
631,1309.0,698.0,25.9444,8.0,89.0,10.645,591.39,1.0288,0
632,1345.0,698.0,27.9444,8.0,89.0,10.645,591.39,1.0288,0
633,1381.0,698.0,29.9444,8.0,89.0,10.645,591.39,1.0288,0
634,1417.0,698.0,31.9444,8.0,89.0,10.645,591.39,1.0288,0
635,1453.0,698.0,33.9444,8.0,89.0,10.645,591.39,1.0288,0
636,1488.0,698.0,35.8889,8.0,89.0,10.645,591.39,1.0288,0
637,1524.0,698.0,37.8889,8.0,89.0,10.645,591.39,1.0288,0
638,1560.0,698.0,39.8889,8.0,89.0,10.645,591.39,1.0288,0
639,1596.0,698.0,41.8889,8.0,89.0,10.645,591.39,1.0288,0
640,1632.0,698.0,43.8889,8.0,89.0,10.645,591.39,1.0288,0
641,52.0,734.0,-43.8889,6.0,89.0,10.645,591.39,1.0288,0
642,88.0,734.0,-41.8889,6.0,89.0,10.645,591.39,1.0288,0
643,124.0,734.0,-39.8889,6.0,89.0,10.645,591.39,1.0288,0
644,160.0,734.0,-37.8889,6.0,89.0,10.645,591.39,1.0288,0
645,196.0,734.0,-35.8889,6.0,89.0,10.645,591.39,1.0288,0
646,231.0,734.0,-33.9444,6.0,89.0,10.645,591.39,1.0288,0
647,267.0,734.0,-31.9444,6.0,89.0,10.645,591.39,1.0288,0
648,303.0,734.0,-29.9444,6.0,89.0,10.645,591.39,1.0288,0
649,339.0,734.0,-27.9444,6.0,89.0,10.645,591.39,1.0288,0
650,375.0,734.0,-25.9444,6.0,89.0,10.645,591.39,1.0288,0
651,411.0,734.0,-23.9444,6.0,89.0,10.645,591.39,1.0288,0
652,447.0,734.0,-21.9444,6.0,89.0,10.645,591.39,1.0288,0
653,483.0,734.0,-19.9444,6.0,89.0,10.645,591.39,1.0288,0
654,519.0,734.0,-17.9444,6.0,89.0,10.645,591.39,1.0288,0
655,555.0,734.0,-15.9444,6.0,89.0,10.645,591.39,1.0288,0
656,591.0,734.0,-13.9444,6.0,89.0,10.645,591.39,1.0288,0
657,627.0,734.0,-11.9444,6.0,89.0,10.645,591.39,1.0288,0
658,662.0,734.0,-10.0,6.0,89.0,10.645,591.39,1.0288,0
659,698.0,734.0,-8.0,6.0,89.0,10.645,591.39,1.0288,0
660,734.0,734.0,-6.0,6.0,89.0,10.645,591.39,1.0288,0
661,770.0,734.0,-4.0,6.0,89.0,10.645,591.39,1.0288,0
662,806.0,734.0,-2.0,6.0,89.0,10.645,591.39,1.0288,0
663,842.0,734.0,0.0,6.0,89.0,10.645,591.39,1.0288,0
664,878.0,734.0,2.0,6.0,89.0,10.645,591.39,1.0288,0
665,914.0,734.0,4.0,6.0,89.0,10.645,591.39,1.0288,0
666,950.0,734.0,6.0,6.0,89.0,10.645,591.39,1.0288,0
667,986.0,734.0,8.0,6.0,89.0,10.645,591.39,1.0288,0
668,1022.0,734.0,10.0,6.0,89.0,10.645,591.39,1.0288,0
669,1057.0,734.0,11.9444,6.0,89.0,10.645,591.39,1.0288,0
670,1093.0,734.0,13.9444,6.0,89.0,10.645,591.39,1.0288,0
671,1129.0,734.0,15.9444,6.0,89.0,10.645,591.39,1.0288,0
672,1165.0,734.0,17.9444,6.0,89.0,10.645,591.39,1.0288,0
673,1201.0,734.0,19.9444,6.0,89.0,10.645,591.39,1.0288,0
674,1237.0,734.0,21.9444,6.0,89.0,10.645,591.39,1.0288,0
675,1273.0,734.0,23.9444,6.0,89.0,10.645,591.39,1.0288,0
676,1309.0,734.0,25.9444,6.0,89.0,10.645,591.39,1.0288,0
677,1345.0,734.0,27.9444,6.0,89.0,10.645,591.39,1.0288,0
678,1381.0,734.0,29.9444,6.0,89.0,10.645,591.39,1.0288,0
679,1417.0,734.0,31.9444,6.0,89.0,10.645,591.39,1.0288,0
680,1453.0,734.0,33.9444,6.0,89.0,10.645,591.39,1.0288,0
681,1488.0,734.0,35.8889,6.0,89.0,10.645,591.39,1.0288,0
682,1524.0,734.0,37.8889,6.0,89.0,10.645,591.39,1.0288,0
683,1560.0,734.0,39.8889,6.0,89.0,10.645,591.39,1.0288,0
684,1596.0,734.0,41.8889,6.0,89.0,10.645,591.39,1.0288,0
685,1632.0,734.0,43.8889,6.0,89.0,10.645,591.39,1.0288,0
686,52.0,770.0,-43.8889,4.0,89.0,10.645,591.39,1.0288,0
687,88.0,770.0,-41.8889,4.0,89.0,10.645,591.39,1.0288,0
688,124.0,770.0,-39.8889,4.0,89.0,10.645,591.39,1.0288,0
689,160.0,770.0,-37.8889,4.0,89.0,10.645,591.39,1.0288,0
690,196.0,770.0,-35.8889,4.0,89.0,10.645,591.39,1.0288,0
691,231.0,770.0,-33.9444,4.0,89.0,10.645,591.39,1.0288,0
692,267.0,770.0,-31.9444,4.0,89.0,10.645,591.39,1.0288,0
693,303.0,770.0,-29.9444,4.0,89.0,10.645,591.39,1.0288,0
694,339.0,770.0,-27.9444,4.0,89.0,10.645,591.39,1.0288,0
695,375.0,770.0,-25.9444,4.0,89.0,10.645,591.39,1.0288,0
696,411.0,770.0,-23.9444,4.0,89.0,10.645,591.39,1.0288,0
697,447.0,770.0,-21.9444,4.0,89.0,10.645,591.39,1.0288,0
698,483.0,770.0,-19.9444,4.0,89.0,10.645,591.39,1.0288,0
699,519.0,770.0,-17.9444,4.0,89.0,10.645,591.39,1.0288,0
700,555.0,770.0,-15.9444,4.0,89.0,10.645,591.39,1.0288,0
701,591.0,770.0,-13.9444,4.0,89.0,10.645,591.39,1.0288,0
702,627.0,770.0,-11.9444,4.0,89.0,10.645,591.39,1.0288,0
703,662.0,770.0,-10.0,4.0,89.0,10.645,591.39,1.0288,0
704,698.0,770.0,-8.0,4.0,89.0,10.645,591.39,1.0288,0
705,734.0,770.0,-6.0,4.0,89.0,10.645,591.39,1.0288,0
706,770.0,770.0,-4.0,4.0,89.0,10.645,591.39,1.0288,0
707,806.0,770.0,-2.0,4.0,89.0,10.645,591.39,1.0288,0
708,842.0,770.0,0.0,4.0,89.0,10.645,591.39,1.0288,0
709,878.0,770.0,2.0,4.0,89.0,10.645,591.39,1.0288,0
710,914.0,770.0,4.0,4.0,89.0,10.645,591.39,1.0288,0
711,950.0,770.0,6.0,4.0,89.0,10.645,591.39,1.0288,0
712,986.0,770.0,8.0,4.0,89.0,10.645,591.39,1.0288,0
713,1022.0,770.0,10.0,4.0,89.0,10.645,591.39,1.0288,0
714,1057.0,770.0,11.9444,4.0,89.0,10.645,591.39,1.0288,0
715,1093.0,770.0,13.9444,4.0,89.0,10.645,591.39,1.0288,0
716,1129.0,770.0,15.9444,4.0,89.0,10.645,591.39,1.0288,0
717,1165.0,770.0,17.9444,4.0,89.0,10.645,591.39,1.0288,0
718,1201.0,770.0,19.9444,4.0,89.0,10.645,591.39,1.0288,0
719,1237.0,770.0,21.9444,4.0,89.0,10.645,591.39,1.0288,0
720,1273.0,770.0,23.9444,4.0,89.0,10.645,591.39,1.0288,0
721,1309.0,770.0,25.9444,4.0,89.0,10.645,591.39,1.0288,0
722,1345.0,770.0,27.9444,4.0,89.0,10.645,591.39,1.0288,0
723,1381.0,770.0,29.9444,4.0,89.0,10.645,591.39,1.0288,0
724,1417.0,770.0,31.9444,4.0,89.0,10.645,591.39,1.0288,0
725,1453.0,770.0,33.9444,4.0,89.0,10.645,591.39,1.0288,0
726,1488.0,770.0,35.8889,4.0,89.0,10.645,591.39,1.0288,0
727,1524.0,770.0,37.8889,4.0,89.0,10.645,591.39,1.0288,0
728,1560.0,770.0,39.8889,4.0,89.0,10.645,591.39,1.0288,0
729,1596.0,770.0,41.8889,4.0,89.0,10.645,591.39,1.0288,0
730,1632.0,770.0,43.8889,4.0,89.0,10.645,591.39,1.0288,0
731,52.0,806.0,-43.8889,2.0,89.0,10.645,591.39,1.0288,0
732,88.0,806.0,-41.8889,2.0,89.0,10.645,591.39,1.0288,0
733,124.0,806.0,-39.8889,2.0,89.0,10.645,591.39,1.0288,0
734,160.0,806.0,-37.8889,2.0,89.0,10.645,591.39,1.0288,0
735,196.0,806.0,-35.8889,2.0,89.0,10.645,591.39,1.0288,0
736,231.0,806.0,-33.9444,2.0,89.0,10.645,591.39,1.0288,0
737,267.0,806.0,-31.9444,2.0,89.0,10.645,591.39,1.0288,0
738,303.0,806.0,-29.9444,2.0,89.0,10.645,591.39,1.0288,0
739,339.0,806.0,-27.9444,2.0,89.0,10.645,591.39,1.0288,0
740,375.0,806.0,-25.9444,2.0,89.0,10.645,591.39,1.0288,0
741,411.0,806.0,-23.9444,2.0,89.0,10.645,591.39,1.0288,0
742,447.0,806.0,-21.9444,2.0,89.0,10.645,591.39,1.0288,0
743,483.0,806.0,-19.9444,2.0,89.0,10.645,591.39,1.0288,0
744,519.0,806.0,-17.9444,2.0,89.0,10.645,591.39,1.0288,0
745,555.0,806.0,-15.9444,2.0,89.0,10.645,591.39,1.0288,0
746,591.0,806.0,-13.9444,2.0,89.0,10.645,591.39,1.0288,0
747,627.0,806.0,-11.9444,2.0,89.0,10.645,591.39,1.0288,0
748,662.0,806.0,-10.0,2.0,89.0,10.645,591.39,1.0288,0
749,698.0,806.0,-8.0,2.0,89.0,10.645,591.39,1.0288,0
750,734.0,806.0,-6.0,2.0,89.0,10.645,591.39,1.0288,0
751,770.0,806.0,-4.0,2.0,89.0,10.645,591.39,1.0288,0
752,806.0,806.0,-2.0,2.0,89.0,10.645,591.39,1.0288,0
753,842.0,806.0,0.0,2.0,89.0,10.645,591.39,1.0288,0
754,878.0,806.0,2.0,2.0,89.0,10.645,591.39,1.0288,0
755,914.0,806.0,4.0,2.0,89.0,10.645,591.39,1.0288,0
756,950.0,806.0,6.0,2.0,89.0,10.645,591.39,1.0288,0
757,986.0,806.0,8.0,2.0,89.0,10.645,591.39,1.0288,0
758,1022.0,806.0,10.0,2.0,89.0,10.645,591.39,1.0288,0
759,1057.0,806.0,11.9444,2.0,89.0,10.645,591.39,1.0288,0
760,1093.0,806.0,13.9444,2.0,89.0,10.645,591.39,1.0288,0
761,1129.0,806.0,15.9444,2.0,89.0,10.645,591.39,1.0288,0
762,1165.0,806.0,17.9444,2.0,89.0,10.645,591.39,1.0288,0
763,1201.0,806.0,19.9444,2.0,89.0,10.645,591.39,1.0288,0
764,1237.0,806.0,21.9444,2.0,89.0,10.645,591.39,1.0288,0
765,1273.0,806.0,23.9444,2.0,89.0,10.645,591.39,1.0288,0
766,1309.0,806.0,25.9444,2.0,89.0,10.645,591.39,1.0288,0
767,1345.0,806.0,27.9444,2.0,89.0,10.645,591.39,1.0288,0
768,1381.0,806.0,29.9444,2.0,89.0,10.645,591.39,1.0288,0
769,1417.0,806.0,31.9444,2.0,89.0,10.645,591.39,1.0288,0
770,1453.0,806.0,33.9444,2.0,89.0,10.645,591.39,1.0288,0
771,1488.0,806.0,35.8889,2.0,89.0,10.645,591.39,1.0288,0
772,1524.0,806.0,37.8889,2.0,89.0,10.645,591.39,1.0288,0
773,1560.0,806.0,39.8889,2.0,89.0,10.645,591.39,1.0288,0
774,1596.0,806.0,41.8889,2.0,89.0,10.645,591.39,1.0288,0
775,1632.0,806.0,43.8889,2.0,89.0,10.645,591.39,1.0288,0
776,52.0,842.0,-43.8889,-0.0,89.0,10.645,591.39,1.0288,0
777,88.0,842.0,-41.8889,-0.0,89.0,10.645,591.39,1.0288,0
778,124.0,842.0,-39.8889,-0.0,89.0,10.645,591.39,1.0288,0
779,160.0,842.0,-37.8889,-0.0,89.0,10.645,591.39,1.0288,0
780,196.0,842.0,-35.8889,-0.0,89.0,10.645,591.39,1.0288,0
781,231.0,842.0,-33.9444,-0.0,89.0,10.645,591.39,1.0288,0
782,267.0,842.0,-31.9444,-0.0,89.0,10.645,591.39,1.0288,0
783,303.0,842.0,-29.9444,-0.0,89.0,10.645,591.39,1.0288,0
784,339.0,842.0,-27.9444,-0.0,89.0,10.645,591.39,1.0288,0
785,375.0,842.0,-25.9444,-0.0,89.0,10.645,591.39,1.0288,0
786,411.0,842.0,-23.9444,-0.0,89.0,10.645,591.39,1.0288,0
787,447.0,842.0,-21.9444,-0.0,89.0,10.645,591.39,1.0288,0
788,483.0,842.0,-19.9444,-0.0,89.0,10.645,591.39,1.0288,0
789,519.0,842.0,-17.9444,-0.0,89.0,10.645,591.39,1.0288,0
790,555.0,842.0,-15.9444,-0.0,89.0,10.645,591.39,1.0288,0
791,591.0,842.0,-13.9444,-0.0,89.0,10.645,591.39,1.0288,0
792,627.0,842.0,-11.9444,-0.0,89.0,10.645,591.39,1.0288,0
793,662.0,842.0,-10.0,-0.0,89.0,10.645,591.39,1.0288,0
794,698.0,842.0,-8.0,-0.0,89.0,10.645,591.39,1.0288,0
795,734.0,842.0,-6.0,-0.0,89.0,10.645,591.39,1.0288,0
796,770.0,842.0,-4.0,-0.0,89.0,10.645,591.39,1.0288,0
797,806.0,842.0,-2.0,-0.0,89.0,10.645,591.39,1.0288,0
798,842.0,842.0,0.0,-0.0,89.0,10.645,591.39,1.0288,1
799,878.0,842.0,2.0,-0.0,89.0,10.645,591.39,1.0288,0
800,914.0,842.0,4.0,-0.0,89.0,10.645,591.39,1.0288,0
801,950.0,842.0,6.0,-0.0,89.0,10.645,591.39,1.0288,0
802,986.0,842.0,8.0,-0.0,89.0,10.645,591.39,1.0288,0
803,1022.0,842.0,10.0,-0.0,89.0,10.645,591.39,1.0288,0
804,1057.0,842.0,11.9444,-0.0,89.0,10.645,591.39,1.0288,0
805,1093.0,842.0,13.9444,-0.0,89.0,10.645,591.39,1.0288,0
806,1129.0,842.0,15.9444,-0.0,89.0,10.645,591.39,1.0288,0
807,1165.0,842.0,17.9444,-0.0,89.0,10.645,591.39,1.0288,0
808,1201.0,842.0,19.9444,-0.0,89.0,10.645,591.39,1.0288,0
809,1237.0,842.0,21.9444,-0.0,89.0,10.645,591.39,1.0288,0
810,1273.0,842.0,23.9444,-0.0,89.0,10.645,591.39,1.0288,0
811,1309.0,842.0,25.9444,-0.0,89.0,10.645,591.39,1.0288,0
812,1345.0,842.0,27.9444,-0.0,89.0,10.645,591.39,1.0288,0
813,1381.0,842.0,29.9444,-0.0,89.0,10.645,591.39,1.0288,0
814,1417.0,842.0,31.9444,-0.0,89.0,10.645,591.39,1.0288,0
815,1453.0,842.0,33.9444,-0.0,89.0,10.645,591.39,1.0288,0
816,1488.0,842.0,35.8889,-0.0,89.0,10.645,591.39,1.0288,0
817,1524.0,842.0,37.8889,-0.0,89.0,10.645,591.39,1.0288,0
818,1560.0,842.0,39.8889,-0.0,89.0,10.645,591.39,1.0288,0
819,1596.0,842.0,41.8889,-0.0,89.0,10.645,591.39,1.0288,0
820,1632.0,842.0,43.8889,-0.0,89.0,10.645,591.39,1.0288,0
821,52.0,878.0,-43.8889,-2.0,89.0,10.645,591.39,1.0288,0
822,88.0,878.0,-41.8889,-2.0,89.0,10.645,591.39,1.0288,0
823,124.0,878.0,-39.8889,-2.0,89.0,10.645,591.39,1.0288,0
824,160.0,878.0,-37.8889,-2.0,89.0,10.645,591.39,1.0288,0
825,196.0,878.0,-35.8889,-2.0,89.0,10.645,591.39,1.0288,0
826,231.0,878.0,-33.9444,-2.0,89.0,10.645,591.39,1.0288,0
827,267.0,878.0,-31.9444,-2.0,89.0,10.645,591.39,1.0288,0
828,303.0,878.0,-29.9444,-2.0,89.0,10.645,591.39,1.0288,0
829,339.0,878.0,-27.9444,-2.0,89.0,10.645,591.39,1.0288,0
830,375.0,878.0,-25.9444,-2.0,89.0,10.645,591.39,1.0288,0
831,411.0,878.0,-23.9444,-2.0,89.0,10.645,591.39,1.0288,0
832,447.0,878.0,-21.9444,-2.0,89.0,10.645,591.39,1.0288,0
833,483.0,878.0,-19.9444,-2.0,89.0,10.645,591.39,1.0288,0
834,519.0,878.0,-17.9444,-2.0,89.0,10.645,591.39,1.0288,0
835,555.0,878.0,-15.9444,-2.0,89.0,10.645,591.39,1.0288,0
836,591.0,878.0,-13.9444,-2.0,89.0,10.645,591.39,1.0288,0
837,627.0,878.0,-11.9444,-2.0,89.0,10.645,591.39,1.0288,0
838,662.0,878.0,-10.0,-2.0,89.0,10.645,591.39,1.0288,0
839,698.0,878.0,-8.0,-2.0,89.0,10.645,591.39,1.0288,0
840,734.0,878.0,-6.0,-2.0,89.0,10.645,591.39,1.0288,0
841,770.0,878.0,-4.0,-2.0,89.0,10.645,591.39,1.0288,0
842,806.0,878.0,-2.0,-2.0,89.0,10.645,591.39,1.0288,0
843,842.0,878.0,0.0,-2.0,89.0,10.645,591.39,1.0288,0
844,878.0,878.0,2.0,-2.0,89.0,10.645,591.39,1.0288,0
845,914.0,878.0,4.0,-2.0,89.0,10.645,591.39,1.0288,0
846,950.0,878.0,6.0,-2.0,89.0,10.645,591.39,1.0288,0
847,986.0,878.0,8.0,-2.0,89.0,10.645,591.39,1.0288,0
848,1022.0,878.0,10.0,-2.0,89.0,10.645,591.39,1.0288,0
849,1057.0,878.0,11.9444,-2.0,89.0,10.645,591.39,1.0288,0
850,1093.0,878.0,13.9444,-2.0,89.0,10.645,591.39,1.0288,0
851,1129.0,878.0,15.9444,-2.0,89.0,10.645,591.39,1.0288,0
852,1165.0,878.0,17.9444,-2.0,89.0,10.645,591.39,1.0288,0
853,1201.0,878.0,19.9444,-2.0,89.0,10.645,591.39,1.0288,0
854,1237.0,878.0,21.9444,-2.0,89.0,10.645,591.39,1.0288,0
855,1273.0,878.0,23.9444,-2.0,89.0,10.645,591.39,1.0288,0
856,1309.0,878.0,25.9444,-2.0,89.0,10.645,591.39,1.0288,0
857,1345.0,878.0,27.9444,-2.0,89.0,10.645,591.39,1.0288,0
858,1381.0,878.0,29.9444,-2.0,89.0,10.645,591.39,1.0288,0
859,1417.0,878.0,31.9444,-2.0,89.0,10.645,591.39,1.0288,0
860,1453.0,878.0,33.9444,-2.0,89.0,10.645,591.39,1.0288,0
861,1488.0,878.0,35.8889,-2.0,89.0,10.645,591.39,1.0288,0
862,1524.0,878.0,37.8889,-2.0,89.0,10.645,591.39,1.0288,0
863,1560.0,878.0,39.8889,-2.0,89.0,10.645,591.39,1.0288,0
864,1596.0,878.0,41.8889,-2.0,89.0,10.645,591.39,1.0288,0
865,1632.0,878.0,43.8889,-2.0,89.0,10.645,591.39,1.0288,0
866,52.0,914.0,-43.8889,-4.0,89.0,10.645,591.39,1.0288,0
867,88.0,914.0,-41.8889,-4.0,89.0,10.645,591.39,1.0288,0
868,124.0,914.0,-39.8889,-4.0,89.0,10.645,591.39,1.0288,0
869,160.0,914.0,-37.8889,-4.0,89.0,10.645,591.39,1.0288,0
870,196.0,914.0,-35.8889,-4.0,89.0,10.645,591.39,1.0288,0
871,231.0,914.0,-33.9444,-4.0,89.0,10.645,591.39,1.0288,0
872,267.0,914.0,-31.9444,-4.0,89.0,10.645,591.39,1.0288,0
873,303.0,914.0,-29.9444,-4.0,89.0,10.645,591.39,1.0288,0
874,339.0,914.0,-27.9444,-4.0,89.0,10.645,591.39,1.0288,0
875,375.0,914.0,-25.9444,-4.0,89.0,10.645,591.39,1.0288,0
876,411.0,914.0,-23.9444,-4.0,89.0,10.645,591.39,1.0288,0
877,447.0,914.0,-21.9444,-4.0,89.0,10.645,591.39,1.0288,0
878,483.0,914.0,-19.9444,-4.0,89.0,10.645,591.39,1.0288,0
879,519.0,914.0,-17.9444,-4.0,89.0,10.645,591.39,1.0288,0
880,555.0,914.0,-15.9444,-4.0,89.0,10.645,591.39,1.0288,0
881,591.0,914.0,-13.9444,-4.0,89.0,10.645,591.39,1.0288,0
882,627.0,914.0,-11.9444,-4.0,89.0,10.645,591.39,1.0288,0
883,662.0,914.0,-10.0,-4.0,89.0,10.645,591.39,1.0288,0
884,698.0,914.0,-8.0,-4.0,89.0,10.645,591.39,1.0288,0
885,734.0,914.0,-6.0,-4.0,89.0,10.645,591.39,1.0288,0
886,770.0,914.0,-4.0,-4.0,89.0,10.645,591.39,1.0288,0
887,806.0,914.0,-2.0,-4.0,89.0,10.645,591.39,1.0288,0
888,842.0,914.0,0.0,-4.0,89.0,10.645,591.39,1.0288,0
889,878.0,914.0,2.0,-4.0,89.0,10.645,591.39,1.0288,0
890,914.0,914.0,4.0,-4.0,89.0,10.645,591.39,1.0288,0
891,950.0,914.0,6.0,-4.0,89.0,10.645,591.39,1.0288,0
892,986.0,914.0,8.0,-4.0,89.0,10.645,591.39,1.0288,0
893,1022.0,914.0,10.0,-4.0,89.0,10.645,591.39,1.0288,0
894,1057.0,914.0,11.9444,-4.0,89.0,10.645,591.39,1.0288,0
895,1093.0,914.0,13.9444,-4.0,89.0,10.645,591.39,1.0288,0
896,1129.0,914.0,15.9444,-4.0,89.0,10.645,591.39,1.0288,0
897,1165.0,914.0,17.9444,-4.0,89.0,10.645,591.39,1.0288,0
898,1201.0,914.0,19.9444,-4.0,89.0,10.645,591.39,1.0288,0
899,1237.0,914.0,21.9444,-4.0,89.0,10.645,591.39,1.0288,0
900,1273.0,914.0,23.9444,-4.0,89.0,10.645,591.39,1.0288,0
901,1309.0,914.0,25.9444,-4.0,89.0,10.645,591.39,1.0288,0
902,1345.0,914.0,27.9444,-4.0,89.0,10.645,591.39,1.0288,0
903,1381.0,914.0,29.9444,-4.0,89.0,10.645,591.39,1.0288,0
904,1417.0,914.0,31.9444,-4.0,89.0,10.645,591.39,1.0288,0
905,1453.0,914.0,33.9444,-4.0,89.0,10.645,591.39,1.0288,0
906,1488.0,914.0,35.8889,-4.0,89.0,10.645,591.39,1.0288,0
907,1524.0,914.0,37.8889,-4.0,89.0,10.645,591.39,1.0288,0
908,1560.0,914.0,39.8889,-4.0,89.0,10.645,591.39,1.0288,0
909,1596.0,914.0,41.8889,-4.0,89.0,10.645,591.39,1.0288,0
910,1632.0,914.0,43.8889,-4.0,89.0,10.645,591.39,1.0288,0
911,52.0,950.0,-43.8889,-6.0,89.0,10.645,591.39,1.0288,0
912,88.0,950.0,-41.8889,-6.0,89.0,10.645,591.39,1.0288,0
913,124.0,950.0,-39.8889,-6.0,89.0,10.645,591.39,1.0288,0
914,160.0,950.0,-37.8889,-6.0,89.0,10.645,591.39,1.0288,0
915,196.0,950.0,-35.8889,-6.0,89.0,10.645,591.39,1.0288,0
916,231.0,950.0,-33.9444,-6.0,89.0,10.645,591.39,1.0288,0
917,267.0,950.0,-31.9444,-6.0,89.0,10.645,591.39,1.0288,0
918,303.0,950.0,-29.9444,-6.0,89.0,10.645,591.39,1.0288,0
919,339.0,950.0,-27.9444,-6.0,89.0,10.645,591.39,1.0288,0
920,375.0,950.0,-25.9444,-6.0,89.0,10.645,591.39,1.0288,0
921,411.0,950.0,-23.9444,-6.0,89.0,10.645,591.39,1.0288,0
922,447.0,950.0,-21.9444,-6.0,89.0,10.645,591.39,1.0288,0
923,483.0,950.0,-19.9444,-6.0,89.0,10.645,591.39,1.0288,0
924,519.0,950.0,-17.9444,-6.0,89.0,10.645,591.39,1.0288,0
925,555.0,950.0,-15.9444,-6.0,89.0,10.645,591.39,1.0288,0
926,591.0,950.0,-13.9444,-6.0,89.0,10.645,591.39,1.0288,0
927,627.0,950.0,-11.9444,-6.0,89.0,10.645,591.39,1.0288,0
928,662.0,950.0,-10.0,-6.0,89.0,10.645,591.39,1.0288,0
929,698.0,950.0,-8.0,-6.0,89.0,10.645,591.39,1.0288,0
930,734.0,950.0,-6.0,-6.0,89.0,10.645,591.39,1.0288,0
931,770.0,950.0,-4.0,-6.0,89.0,10.645,591.39,1.0288,0
932,806.0,950.0,-2.0,-6.0,89.0,10.645,591.39,1.0288,0
933,842.0,950.0,0.0,-6.0,89.0,10.645,591.39,1.0288,0
934,878.0,950.0,2.0,-6.0,89.0,10.645,591.39,1.0288,0
935,914.0,950.0,4.0,-6.0,89.0,10.645,591.39,1.0288,0
936,950.0,950.0,6.0,-6.0,89.0,10.645,591.39,1.0288,0
937,986.0,950.0,8.0,-6.0,89.0,10.645,591.39,1.0288,0
938,1022.0,950.0,10.0,-6.0,89.0,10.645,591.39,1.0288,0
939,1057.0,950.0,11.9444,-6.0,89.0,10.645,591.39,1.0288,0
940,1093.0,950.0,13.9444,-6.0,89.0,10.645,591.39,1.0288,0
941,1129.0,950.0,15.9444,-6.0,89.0,10.645,591.39,1.0288,0
942,1165.0,950.0,17.9444,-6.0,89.0,10.645,591.39,1.0288,0
943,1201.0,950.0,19.9444,-6.0,89.0,10.645,591.39,1.0288,0
944,1237.0,950.0,21.9444,-6.0,89.0,10.645,591.39,1.0288,0
945,1273.0,950.0,23.9444,-6.0,89.0,10.645,591.39,1.0288,0
946,1309.0,950.0,25.9444,-6.0,89.0,10.645,591.39,1.0288,0
947,1345.0,950.0,27.9444,-6.0,89.0,10.645,591.39,1.0288,0
948,1381.0,950.0,29.9444,-6.0,89.0,10.645,591.39,1.0288,0
949,1417.0,950.0,31.9444,-6.0,89.0,10.645,591.39,1.0288,0
950,1453.0,950.0,33.9444,-6.0,89.0,10.645,591.39,1.0288,0
951,1488.0,950.0,35.8889,-6.0,89.0,10.645,591.39,1.0288,0
952,1524.0,950.0,37.8889,-6.0,89.0,10.645,591.39,1.0288,0
953,1560.0,950.0,39.8889,-6.0,89.0,10.645,591.39,1.0288,0
954,1596.0,950.0,41.8889,-6.0,89.0,10.645,591.39,1.0288,0
955,1632.0,950.0,43.8889,-6.0,89.0,10.645,591.39,1.0288,0
956,52.0,986.0,-43.8889,-8.0,89.0,10.645,591.39,1.0288,0
957,88.0,986.0,-41.8889,-8.0,89.0,10.645,591.39,1.0288,0
958,124.0,986.0,-39.8889,-8.0,89.0,10.645,591.39,1.0288,0
959,160.0,986.0,-37.8889,-8.0,89.0,10.645,591.39,1.0288,0
960,196.0,986.0,-35.8889,-8.0,89.0,10.645,591.39,1.0288,0
961,231.0,986.0,-33.9444,-8.0,89.0,10.645,591.39,1.0288,0
962,267.0,986.0,-31.9444,-8.0,89.0,10.645,591.39,1.0288,0
963,303.0,986.0,-29.9444,-8.0,89.0,10.645,591.39,1.0288,0
964,339.0,986.0,-27.9444,-8.0,89.0,10.645,591.39,1.0288,0
965,375.0,986.0,-25.9444,-8.0,89.0,10.645,591.39,1.0288,0
966,411.0,986.0,-23.9444,-8.0,89.0,10.645,591.39,1.0288,0
967,447.0,986.0,-21.9444,-8.0,89.0,10.645,591.39,1.0288,0
968,483.0,986.0,-19.9444,-8.0,89.0,10.645,591.39,1.0288,0
969,519.0,986.0,-17.9444,-8.0,89.0,10.645,591.39,1.0288,0
970,555.0,986.0,-15.9444,-8.0,89.0,10.645,591.39,1.0288,0
971,591.0,986.0,-13.9444,-8.0,89.0,10.645,591.39,1.0288,0
972,627.0,986.0,-11.9444,-8.0,89.0,10.645,591.39,1.0288,0
973,662.0,986.0,-10.0,-8.0,89.0,10.645,591.39,1.0288,0
974,698.0,986.0,-8.0,-8.0,89.0,10.645,591.39,1.0288,0
975,734.0,986.0,-6.0,-8.0,89.0,10.645,591.39,1.0288,0
976,770.0,986.0,-4.0,-8.0,89.0,10.645,591.39,1.0288,0
977,806.0,986.0,-2.0,-8.0,89.0,10.645,591.39,1.0288,0
978,842.0,986.0,0.0,-8.0,89.0,10.645,591.39,1.0288,0
979,878.0,986.0,2.0,-8.0,89.0,10.645,591.39,1.0288,0
980,914.0,986.0,4.0,-8.0,89.0,10.645,591.39,1.0288,0
981,950.0,986.0,6.0,-8.0,89.0,10.645,591.39,1.0288,0
982,986.0,986.0,8.0,-8.0,89.0,10.645,591.39,1.0288,0
983,1022.0,986.0,10.0,-8.0,89.0,10.645,591.39,1.0288,0
984,1057.0,986.0,11.9444,-8.0,89.0,10.645,591.39,1.0288,0
985,1093.0,986.0,13.9444,-8.0,89.0,10.645,591.39,1.0288,0
986,1129.0,986.0,15.9444,-8.0,89.0,10.645,591.39,1.0288,0
987,1165.0,986.0,17.9444,-8.0,89.0,10.645,591.39,1.0288,0
988,1201.0,986.0,19.9444,-8.0,89.0,10.645,591.39,1.0288,0
989,1237.0,986.0,21.9444,-8.0,89.0,10.645,591.39,1.0288,0
990,1273.0,986.0,23.9444,-8.0,89.0,10.645,591.39,1.0288,0
991,1309.0,986.0,25.9444,-8.0,89.0,10.645,591.39,1.0288,0
992,1345.0,986.0,27.9444,-8.0,89.0,10.645,591.39,1.0288,0
993,1381.0,986.0,29.9444,-8.0,89.0,10.645,591.39,1.0288,0
994,1417.0,986.0,31.9444,-8.0,89.0,10.645,591.39,1.0288,0
995,1453.0,986.0,33.9444,-8.0,89.0,10.645,591.39,1.0288,0
996,1488.0,986.0,35.8889,-8.0,89.0,10.645,591.39,1.0288,0
997,1524.0,986.0,37.8889,-8.0,89.0,10.645,591.39,1.0288,0
998,1560.0,986.0,39.8889,-8.0,89.0,10.645,591.39,1.0288,0
999,1596.0,986.0,41.8889,-8.0,89.0,10.645,591.39,1.0288,0
1000,1632.0,986.0,43.8889,-8.0,89.0,10.645,591.39,1.0288,0
1001,88.0,1022.0,-41.8889,-10.0,89.0,10.645,591.39,1.0288,0
1002,124.0,1022.0,-39.8889,-10.0,89.0,10.645,591.39,1.0288,0
1003,160.0,1022.0,-37.8889,-10.0,89.0,10.645,591.39,1.0288,0
1004,196.0,1022.0,-35.8889,-10.0,89.0,10.645,591.39,1.0288,0
1005,231.0,1022.0,-33.9444,-10.0,89.0,10.645,591.39,1.0288,0
1006,267.0,1022.0,-31.9444,-10.0,89.0,10.645,591.39,1.0288,0
1007,303.0,1022.0,-29.9444,-10.0,89.0,10.645,591.39,1.0288,0
1008,339.0,1022.0,-27.9444,-10.0,89.0,10.645,591.39,1.0288,0
1009,375.0,1022.0,-25.9444,-10.0,89.0,10.645,591.39,1.0288,0
1010,411.0,1022.0,-23.9444,-10.0,89.0,10.645,591.39,1.0288,0
1011,447.0,1022.0,-21.9444,-10.0,89.0,10.645,591.39,1.0288,0
1012,483.0,1022.0,-19.9444,-10.0,89.0,10.645,591.39,1.0288,0
1013,519.0,1022.0,-17.9444,-10.0,89.0,10.645,591.39,1.0288,0
1014,555.0,1022.0,-15.9444,-10.0,89.0,10.645,591.39,1.0288,0
1015,591.0,1022.0,-13.9444,-10.0,89.0,10.645,591.39,1.0288,0
1016,627.0,1022.0,-11.9444,-10.0,89.0,10.645,591.39,1.0288,0
1017,662.0,1022.0,-10.0,-10.0,89.0,10.645,591.39,1.0288,0
1018,698.0,1022.0,-8.0,-10.0,89.0,10.645,591.39,1.0288,0
1019,734.0,1022.0,-6.0,-10.0,89.0,10.645,591.39,1.0288,0
1020,770.0,1022.0,-4.0,-10.0,89.0,10.645,591.39,1.0288,0
1021,806.0,1022.0,-2.0,-10.0,89.0,10.645,591.39,1.0288,0
1022,842.0,1022.0,0.0,-10.0,89.0,10.645,591.39,1.0288,0
1023,878.0,1022.0,2.0,-10.0,89.0,10.645,591.39,1.0288,0
1024,914.0,1022.0,4.0,-10.0,89.0,10.645,591.39,1.0288,0
1025,950.0,1022.0,6.0,-10.0,89.0,10.645,591.39,1.0288,0
1026,986.0,1022.0,8.0,-10.0,89.0,10.645,591.39,1.0288,0
1027,1022.0,1022.0,10.0,-10.0,89.0,10.645,591.39,1.0288,0
1028,1057.0,1022.0,11.9444,-10.0,89.0,10.645,591.39,1.0288,0
1029,1093.0,1022.0,13.9444,-10.0,89.0,10.645,591.39,1.0288,0
1030,1129.0,1022.0,15.9444,-10.0,89.0,10.645,591.39,1.0288,0
1031,1165.0,1022.0,17.9444,-10.0,89.0,10.645,591.39,1.0288,0
1032,1201.0,1022.0,19.9444,-10.0,89.0,10.645,591.39,1.0288,0
1033,1237.0,1022.0,21.9444,-10.0,89.0,10.645,591.39,1.0288,0
1034,1273.0,1022.0,23.9444,-10.0,89.0,10.645,591.39,1.0288,0
1035,1309.0,1022.0,25.9444,-10.0,89.0,10.645,591.39,1.0288,0
1036,1345.0,1022.0,27.9444,-10.0,89.0,10.645,591.39,1.0288,0
1037,1381.0,1022.0,29.9444,-10.0,89.0,10.645,591.39,1.0288,0
1038,1417.0,1022.0,31.9444,-10.0,89.0,10.645,591.39,1.0288,0
1039,1453.0,1022.0,33.9444,-10.0,89.0,10.645,591.39,1.0288,0
1040,1488.0,1022.0,35.8889,-10.0,89.0,10.645,591.39,1.0288,0
1041,1524.0,1022.0,37.8889,-10.0,89.0,10.645,591.39,1.0288,0
1042,1560.0,1022.0,39.8889,-10.0,89.0,10.645,591.39,1.0288,0
1043,1596.0,1022.0,41.8889,-10.0,89.0,10.645,591.39,1.0288,0
1044,88.0,1057.0,-41.8889,-11.9444,89.0,10.645,591.39,1.0288,0
1045,124.0,1057.0,-39.8889,-11.9444,89.0,10.645,591.39,1.0288,0
1046,160.0,1057.0,-37.8889,-11.9444,89.0,10.645,591.39,1.0288,0
1047,196.0,1057.0,-35.8889,-11.9444,89.0,10.645,591.39,1.0288,0
1048,231.0,1057.0,-33.9444,-11.9444,89.0,10.645,591.39,1.0288,0
1049,267.0,1057.0,-31.9444,-11.9444,89.0,10.645,591.39,1.0288,0
1050,303.0,1057.0,-29.9444,-11.9444,89.0,10.645,591.39,1.0288,0
1051,339.0,1057.0,-27.9444,-11.9444,89.0,10.645,591.39,1.0288,0
1052,375.0,1057.0,-25.9444,-11.9444,89.0,10.645,591.39,1.0288,0
1053,411.0,1057.0,-23.9444,-11.9444,89.0,10.645,591.39,1.0288,0
1054,447.0,1057.0,-21.9444,-11.9444,89.0,10.645,591.39,1.0288,0
1055,483.0,1057.0,-19.9444,-11.9444,89.0,10.645,591.39,1.0288,0
1056,519.0,1057.0,-17.9444,-11.9444,89.0,10.645,591.39,1.0288,0
1057,555.0,1057.0,-15.9444,-11.9444,89.0,10.645,591.39,1.0288,0
1058,591.0,1057.0,-13.9444,-11.9444,89.0,10.645,591.39,1.0288,0
1059,627.0,1057.0,-11.9444,-11.9444,89.0,10.645,591.39,1.0288,0
1060,662.0,1057.0,-10.0,-11.9444,89.0,10.645,591.39,1.0288,0
1061,698.0,1057.0,-8.0,-11.9444,89.0,10.645,591.39,1.0288,0
1062,734.0,1057.0,-6.0,-11.9444,89.0,10.645,591.39,1.0288,0
1063,770.0,1057.0,-4.0,-11.9444,89.0,10.645,591.39,1.0288,0
1064,806.0,1057.0,-2.0,-11.9444,89.0,10.645,591.39,1.0288,0
1065,842.0,1057.0,0.0,-11.9444,89.0,10.645,591.39,1.0288,0
1066,878.0,1057.0,2.0,-11.9444,89.0,10.645,591.39,1.0288,0
1067,914.0,1057.0,4.0,-11.9444,89.0,10.645,591.39,1.0288,0
1068,950.0,1057.0,6.0,-11.9444,89.0,10.645,591.39,1.0288,0
1069,986.0,1057.0,8.0,-11.9444,89.0,10.645,591.39,1.0288,0
1070,1022.0,1057.0,10.0,-11.9444,89.0,10.645,591.39,1.0288,0
1071,1057.0,1057.0,11.9444,-11.9444,89.0,10.645,591.39,1.0288,0
1072,1093.0,1057.0,13.9444,-11.9444,89.0,10.645,591.39,1.0288,0
1073,1129.0,1057.0,15.9444,-11.9444,89.0,10.645,591.39,1.0288,0
1074,1165.0,1057.0,17.9444,-11.9444,89.0,10.645,591.39,1.0288,0
1075,1201.0,1057.0,19.9444,-11.9444,89.0,10.645,591.39,1.0288,0
1076,1237.0,1057.0,21.9444,-11.9444,89.0,10.645,591.39,1.0288,0
1077,1273.0,1057.0,23.9444,-11.9444,89.0,10.645,591.39,1.0288,0
1078,1309.0,1057.0,25.9444,-11.9444,89.0,10.645,591.39,1.0288,0
1079,1345.0,1057.0,27.9444,-11.9444,89.0,10.645,591.39,1.0288,0
1080,1381.0,1057.0,29.9444,-11.9444,89.0,10.645,591.39,1.0288,0
1081,1417.0,1057.0,31.9444,-11.9444,89.0,10.645,591.39,1.0288,0
1082,1453.0,1057.0,33.9444,-11.9444,89.0,10.645,591.39,1.0288,0
1083,1488.0,1057.0,35.8889,-11.9444,89.0,10.645,591.39,1.0288,0
1084,1524.0,1057.0,37.8889,-11.9444,89.0,10.645,591.39,1.0288,0
1085,1560.0,1057.0,39.8889,-11.9444,89.0,10.645,591.39,1.0288,0
1086,1596.0,1057.0,41.8889,-11.9444,89.0,10.645,591.39,1.0288,0
1087,88.0,1093.0,-41.8889,-13.9444,89.0,10.645,591.39,1.0288,0
1088,124.0,1093.0,-39.8889,-13.9444,89.0,10.645,591.39,1.0288,0
1089,160.0,1093.0,-37.8889,-13.9444,89.0,10.645,591.39,1.0288,0
1090,196.0,1093.0,-35.8889,-13.9444,89.0,10.645,591.39,1.0288,0
1091,231.0,1093.0,-33.9444,-13.9444,89.0,10.645,591.39,1.0288,0
1092,267.0,1093.0,-31.9444,-13.9444,89.0,10.645,591.39,1.0288,0
1093,303.0,1093.0,-29.9444,-13.9444,89.0,10.645,591.39,1.0288,0
1094,339.0,1093.0,-27.9444,-13.9444,89.0,10.645,591.39,1.0288,0
1095,375.0,1093.0,-25.9444,-13.9444,89.0,10.645,591.39,1.0288,0
1096,411.0,1093.0,-23.9444,-13.9444,89.0,10.645,591.39,1.0288,0
1097,447.0,1093.0,-21.9444,-13.9444,89.0,10.645,591.39,1.0288,0
1098,483.0,1093.0,-19.9444,-13.9444,89.0,10.645,591.39,1.0288,0
1099,519.0,1093.0,-17.9444,-13.9444,89.0,10.645,591.39,1.0288,0
1100,555.0,1093.0,-15.9444,-13.9444,89.0,10.645,591.39,1.0288,0
1101,591.0,1093.0,-13.9444,-13.9444,89.0,10.645,591.39,1.0288,0
1102,627.0,1093.0,-11.9444,-13.9444,89.0,10.645,591.39,1.0288,0
1103,662.0,1093.0,-10.0,-13.9444,89.0,10.645,591.39,1.0288,0
1104,698.0,1093.0,-8.0,-13.9444,89.0,10.645,591.39,1.0288,0
1105,734.0,1093.0,-6.0,-13.9444,89.0,10.645,591.39,1.0288,0
1106,770.0,1093.0,-4.0,-13.9444,89.0,10.645,591.39,1.0288,0
1107,806.0,1093.0,-2.0,-13.9444,89.0,10.645,591.39,1.0288,0
1108,842.0,1093.0,0.0,-13.9444,89.0,10.645,591.39,1.0288,0
1109,878.0,1093.0,2.0,-13.9444,89.0,10.645,591.39,1.0288,0
1110,914.0,1093.0,4.0,-13.9444,89.0,10.645,591.39,1.0288,0
1111,950.0,1093.0,6.0,-13.9444,89.0,10.645,591.39,1.0288,0
1112,986.0,1093.0,8.0,-13.9444,89.0,10.645,591.39,1.0288,0
1113,1022.0,1093.0,10.0,-13.9444,89.0,10.645,591.39,1.0288,0
1114,1057.0,1093.0,11.9444,-13.9444,89.0,10.645,591.39,1.0288,0
1115,1093.0,1093.0,13.9444,-13.9444,89.0,10.645,591.39,1.0288,0
1116,1129.0,1093.0,15.9444,-13.9444,89.0,10.645,591.39,1.0288,0
1117,1165.0,1093.0,17.9444,-13.9444,89.0,10.645,591.39,1.0288,0
1118,1201.0,1093.0,19.9444,-13.9444,89.0,10.645,591.39,1.0288,0
1119,1237.0,1093.0,21.9444,-13.9444,89.0,10.645,591.39,1.0288,0
1120,1273.0,1093.0,23.9444,-13.9444,89.0,10.645,591.39,1.0288,0
1121,1309.0,1093.0,25.9444,-13.9444,89.0,10.645,591.39,1.0288,0
1122,1345.0,1093.0,27.9444,-13.9444,89.0,10.645,591.39,1.0288,0
1123,1381.0,1093.0,29.9444,-13.9444,89.0,10.645,591.39,1.0288,0
1124,1417.0,1093.0,31.9444,-13.9444,89.0,10.645,591.39,1.0288,0
1125,1453.0,1093.0,33.9444,-13.9444,89.0,10.645,591.39,1.0288,0
1126,1488.0,1093.0,35.8889,-13.9444,89.0,10.645,591.39,1.0288,0
1127,1524.0,1093.0,37.8889,-13.9444,89.0,10.645,591.39,1.0288,0
1128,1560.0,1093.0,39.8889,-13.9444,89.0,10.645,591.39,1.0288,0
1129,1596.0,1093.0,41.8889,-13.9444,89.0,10.645,591.39,1.0288,0
1130,88.0,1129.0,-41.8889,-15.9444,89.0,10.645,591.39,1.0288,0
1131,124.0,1129.0,-39.8889,-15.9444,89.0,10.645,591.39,1.0288,0
1132,160.0,1129.0,-37.8889,-15.9444,89.0,10.645,591.39,1.0288,0
1133,196.0,1129.0,-35.8889,-15.9444,89.0,10.645,591.39,1.0288,0
1134,231.0,1129.0,-33.9444,-15.9444,89.0,10.645,591.39,1.0288,0
1135,267.0,1129.0,-31.9444,-15.9444,89.0,10.645,591.39,1.0288,0
1136,303.0,1129.0,-29.9444,-15.9444,89.0,10.645,591.39,1.0288,0
1137,339.0,1129.0,-27.9444,-15.9444,89.0,10.645,591.39,1.0288,0
1138,375.0,1129.0,-25.9444,-15.9444,89.0,10.645,591.39,1.0288,0
1139,411.0,1129.0,-23.9444,-15.9444,89.0,10.645,591.39,1.0288,0
1140,447.0,1129.0,-21.9444,-15.9444,89.0,10.645,591.39,1.0288,0
1141,483.0,1129.0,-19.9444,-15.9444,89.0,10.645,591.39,1.0288,0
1142,519.0,1129.0,-17.9444,-15.9444,89.0,10.645,591.39,1.0288,0
1143,555.0,1129.0,-15.9444,-15.9444,89.0,10.645,591.39,1.0288,0
1144,591.0,1129.0,-13.9444,-15.9444,89.0,10.645,591.39,1.0288,0
1145,627.0,1129.0,-11.9444,-15.9444,89.0,10.645,591.39,1.0288,0
1146,662.0,1129.0,-10.0,-15.9444,89.0,10.645,591.39,1.0288,0
1147,698.0,1129.0,-8.0,-15.9444,89.0,10.645,591.39,1.0288,0
1148,734.0,1129.0,-6.0,-15.9444,89.0,10.645,591.39,1.0288,0
1149,770.0,1129.0,-4.0,-15.9444,89.0,10.645,591.39,1.0288,0
1150,806.0,1129.0,-2.0,-15.9444,89.0,10.645,591.39,1.0288,0
1151,842.0,1129.0,0.0,-15.9444,89.0,10.645,591.39,1.0288,0
1152,878.0,1129.0,2.0,-15.9444,89.0,10.645,591.39,1.0288,0
1153,914.0,1129.0,4.0,-15.9444,89.0,10.645,591.39,1.0288,0
1154,950.0,1129.0,6.0,-15.9444,89.0,10.645,591.39,1.0288,0
1155,986.0,1129.0,8.0,-15.9444,89.0,10.645,591.39,1.0288,0
1156,1022.0,1129.0,10.0,-15.9444,89.0,10.645,591.39,1.0288,0
1157,1057.0,1129.0,11.9444,-15.9444,89.0,10.645,591.39,1.0288,0
1158,1093.0,1129.0,13.9444,-15.9444,89.0,10.645,591.39,1.0288,0
1159,1129.0,1129.0,15.9444,-15.9444,89.0,10.645,591.39,1.0288,0
1160,1165.0,1129.0,17.9444,-15.9444,89.0,10.645,591.39,1.0288,0
1161,1201.0,1129.0,19.9444,-15.9444,89.0,10.645,591.39,1.0288,0
1162,1237.0,1129.0,21.9444,-15.9444,89.0,10.645,591.39,1.0288,0
1163,1273.0,1129.0,23.9444,-15.9444,89.0,10.645,591.39,1.0288,0
1164,1309.0,1129.0,25.9444,-15.9444,89.0,10.645,591.39,1.0288,0
1165,1345.0,1129.0,27.9444,-15.9444,89.0,10.645,591.39,1.0288,0
1166,1381.0,1129.0,29.9444,-15.9444,89.0,10.645,591.39,1.0288,0
1167,1417.0,1129.0,31.9444,-15.9444,89.0,10.645,591.39,1.0288,0
1168,1453.0,1129.0,33.9444,-15.9444,89.0,10.645,591.39,1.0288,0
1169,1488.0,1129.0,35.8889,-15.9444,89.0,10.645,591.39,1.0288,0
1170,1524.0,1129.0,37.8889,-15.9444,89.0,10.645,591.39,1.0288,0
1171,1560.0,1129.0,39.8889,-15.9444,89.0,10.645,591.39,1.0288,0
1172,1596.0,1129.0,41.8889,-15.9444,89.0,10.645,591.39,1.0288,0
1173,124.0,1165.0,-39.8889,-17.9444,89.0,10.645,591.39,1.0288,0
1174,160.0,1165.0,-37.8889,-17.9444,89.0,10.645,591.39,1.0288,0
1175,196.0,1165.0,-35.8889,-17.9444,89.0,10.645,591.39,1.0288,0
1176,231.0,1165.0,-33.9444,-17.9444,89.0,10.645,591.39,1.0288,0
1177,267.0,1165.0,-31.9444,-17.9444,89.0,10.645,591.39,1.0288,0
1178,303.0,1165.0,-29.9444,-17.9444,89.0,10.645,591.39,1.0288,0
1179,339.0,1165.0,-27.9444,-17.9444,89.0,10.645,591.39,1.0288,0
1180,375.0,1165.0,-25.9444,-17.9444,89.0,10.645,591.39,1.0288,0
1181,411.0,1165.0,-23.9444,-17.9444,89.0,10.645,591.39,1.0288,0
1182,447.0,1165.0,-21.9444,-17.9444,89.0,10.645,591.39,1.0288,0
1183,483.0,1165.0,-19.9444,-17.9444,89.0,10.645,591.39,1.0288,0
1184,519.0,1165.0,-17.9444,-17.9444,89.0,10.645,591.39,1.0288,0
1185,555.0,1165.0,-15.9444,-17.9444,89.0,10.645,591.39,1.0288,0
1186,591.0,1165.0,-13.9444,-17.9444,89.0,10.645,591.39,1.0288,0
1187,627.0,1165.0,-11.9444,-17.9444,89.0,10.645,591.39,1.0288,0
1188,662.0,1165.0,-10.0,-17.9444,89.0,10.645,591.39,1.0288,0
1189,698.0,1165.0,-8.0,-17.9444,89.0,10.645,591.39,1.0288,0
1190,734.0,1165.0,-6.0,-17.9444,89.0,10.645,591.39,1.0288,0
1191,770.0,1165.0,-4.0,-17.9444,89.0,10.645,591.39,1.0288,0
1192,806.0,1165.0,-2.0,-17.9444,89.0,10.645,591.39,1.0288,0
1193,842.0,1165.0,0.0,-17.9444,89.0,10.645,591.39,1.0288,0
1194,878.0,1165.0,2.0,-17.9444,89.0,10.645,591.39,1.0288,0
1195,914.0,1165.0,4.0,-17.9444,89.0,10.645,591.39,1.0288,0
1196,950.0,1165.0,6.0,-17.9444,89.0,10.645,591.39,1.0288,0
1197,986.0,1165.0,8.0,-17.9444,89.0,10.645,591.39,1.0288,0
1198,1022.0,1165.0,10.0,-17.9444,89.0,10.645,591.39,1.0288,0
1199,1057.0,1165.0,11.9444,-17.9444,89.0,10.645,591.39,1.0288,0
1200,1093.0,1165.0,13.9444,-17.9444,89.0,10.645,591.39,1.0288,0
1201,1129.0,1165.0,15.9444,-17.9444,89.0,10.645,591.39,1.0288,0
1202,1165.0,1165.0,17.9444,-17.9444,89.0,10.645,591.39,1.0288,0
1203,1201.0,1165.0,19.9444,-17.9444,89.0,10.645,591.39,1.0288,0
1204,1237.0,1165.0,21.9444,-17.9444,89.0,10.645,591.39,1.0288,0
1205,1273.0,1165.0,23.9444,-17.9444,89.0,10.645,591.39,1.0288,0
1206,1309.0,1165.0,25.9444,-17.9444,89.0,10.645,591.39,1.0288,0
1207,1345.0,1165.0,27.9444,-17.9444,89.0,10.645,591.39,1.0288,0
1208,1381.0,1165.0,29.9444,-17.9444,89.0,10.645,591.39,1.0288,0
1209,1417.0,1165.0,31.9444,-17.9444,89.0,10.645,591.39,1.0288,0
1210,1453.0,1165.0,33.9444,-17.9444,89.0,10.645,591.39,1.0288,0
1211,1488.0,1165.0,35.8889,-17.9444,89.0,10.645,591.39,1.0288,0
1212,1524.0,1165.0,37.8889,-17.9444,89.0,10.645,591.39,1.0288,0
1213,1560.0,1165.0,39.8889,-17.9444,89.0,10.645,591.39,1.0288,0
1214,124.0,1201.0,-39.8889,-19.9444,89.0,10.645,591.39,1.0288,0
1215,160.0,1201.0,-37.8889,-19.9444,89.0,10.645,591.39,1.0288,0
1216,196.0,1201.0,-35.8889,-19.9444,89.0,10.645,591.39,1.0288,0
1217,231.0,1201.0,-33.9444,-19.9444,89.0,10.645,591.39,1.0288,0
1218,267.0,1201.0,-31.9444,-19.9444,89.0,10.645,591.39,1.0288,0
1219,303.0,1201.0,-29.9444,-19.9444,89.0,10.645,591.39,1.0288,0
1220,339.0,1201.0,-27.9444,-19.9444,89.0,10.645,591.39,1.0288,0
1221,375.0,1201.0,-25.9444,-19.9444,89.0,10.645,591.39,1.0288,0
1222,411.0,1201.0,-23.9444,-19.9444,89.0,10.645,591.39,1.0288,0
1223,447.0,1201.0,-21.9444,-19.9444,89.0,10.645,591.39,1.0288,0
1224,483.0,1201.0,-19.9444,-19.9444,89.0,10.645,591.39,1.0288,0
1225,519.0,1201.0,-17.9444,-19.9444,89.0,10.645,591.39,1.0288,0
1226,555.0,1201.0,-15.9444,-19.9444,89.0,10.645,591.39,1.0288,0
1227,591.0,1201.0,-13.9444,-19.9444,89.0,10.645,591.39,1.0288,0
1228,627.0,1201.0,-11.9444,-19.9444,89.0,10.645,591.39,1.0288,0
1229,662.0,1201.0,-10.0,-19.9444,89.0,10.645,591.39,1.0288,0
1230,698.0,1201.0,-8.0,-19.9444,89.0,10.645,591.39,1.0288,0
1231,734.0,1201.0,-6.0,-19.9444,89.0,10.645,591.39,1.0288,0
1232,770.0,1201.0,-4.0,-19.9444,89.0,10.645,591.39,1.0288,0
1233,806.0,1201.0,-2.0,-19.9444,89.0,10.645,591.39,1.0288,0
1234,842.0,1201.0,0.0,-19.9444,89.0,10.645,591.39,1.0288,0
1235,878.0,1201.0,2.0,-19.9444,89.0,10.645,591.39,1.0288,0
1236,914.0,1201.0,4.0,-19.9444,89.0,10.645,591.39,1.0288,0
1237,950.0,1201.0,6.0,-19.9444,89.0,10.645,591.39,1.0288,0
1238,986.0,1201.0,8.0,-19.9444,89.0,10.645,591.39,1.0288,0
1239,1022.0,1201.0,10.0,-19.9444,89.0,10.645,591.39,1.0288,0
1240,1057.0,1201.0,11.9444,-19.9444,89.0,10.645,591.39,1.0288,0
1241,1093.0,1201.0,13.9444,-19.9444,89.0,10.645,591.39,1.0288,0
1242,1129.0,1201.0,15.9444,-19.9444,89.0,10.645,591.39,1.0288,0
1243,1165.0,1201.0,17.9444,-19.9444,89.0,10.645,591.39,1.0288,0
1244,1201.0,1201.0,19.9444,-19.9444,89.0,10.645,591.39,1.0288,0
1245,1237.0,1201.0,21.9444,-19.9444,89.0,10.645,591.39,1.0288,0
1246,1273.0,1201.0,23.9444,-19.9444,89.0,10.645,591.39,1.0288,0
1247,1309.0,1201.0,25.9444,-19.9444,89.0,10.645,591.39,1.0288,0
1248,1345.0,1201.0,27.9444,-19.9444,89.0,10.645,591.39,1.0288,0
1249,1381.0,1201.0,29.9444,-19.9444,89.0,10.645,591.39,1.0288,0
1250,1417.0,1201.0,31.9444,-19.9444,89.0,10.645,591.39,1.0288,0
1251,1453.0,1201.0,33.9444,-19.9444,89.0,10.645,591.39,1.0288,0
1252,1488.0,1201.0,35.8889,-19.9444,89.0,10.645,591.39,1.0288,0
1253,1524.0,1201.0,37.8889,-19.9444,89.0,10.645,591.39,1.0288,0
1254,1560.0,1201.0,39.8889,-19.9444,89.0,10.645,591.39,1.0288,0
1255,160.0,1237.0,-37.8889,-21.9444,89.0,10.645,591.39,1.0288,0
1256,196.0,1237.0,-35.8889,-21.9444,89.0,10.645,591.39,1.0288,0
1257,231.0,1237.0,-33.9444,-21.9444,89.0,10.645,591.39,1.0288,0
1258,267.0,1237.0,-31.9444,-21.9444,89.0,10.645,591.39,1.0288,0
1259,303.0,1237.0,-29.9444,-21.9444,89.0,10.645,591.39,1.0288,0
1260,339.0,1237.0,-27.9444,-21.9444,89.0,10.645,591.39,1.0288,0
1261,375.0,1237.0,-25.9444,-21.9444,89.0,10.645,591.39,1.0288,0
1262,411.0,1237.0,-23.9444,-21.9444,89.0,10.645,591.39,1.0288,0
1263,447.0,1237.0,-21.9444,-21.9444,89.0,10.645,591.39,1.0288,0
1264,483.0,1237.0,-19.9444,-21.9444,89.0,10.645,591.39,1.0288,0
1265,519.0,1237.0,-17.9444,-21.9444,89.0,10.645,591.39,1.0288,0
1266,555.0,1237.0,-15.9444,-21.9444,89.0,10.645,591.39,1.0288,0
1267,591.0,1237.0,-13.9444,-21.9444,89.0,10.645,591.39,1.0288,0
1268,627.0,1237.0,-11.9444,-21.9444,89.0,10.645,591.39,1.0288,0
1269,662.0,1237.0,-10.0,-21.9444,89.0,10.645,591.39,1.0288,0
1270,698.0,1237.0,-8.0,-21.9444,89.0,10.645,591.39,1.0288,0
1271,734.0,1237.0,-6.0,-21.9444,89.0,10.645,591.39,1.0288,0
1272,770.0,1237.0,-4.0,-21.9444,89.0,10.645,591.39,1.0288,0
1273,806.0,1237.0,-2.0,-21.9444,89.0,10.645,591.39,1.0288,0
1274,842.0,1237.0,0.0,-21.9444,89.0,10.645,591.39,1.0288,0
1275,878.0,1237.0,2.0,-21.9444,89.0,10.645,591.39,1.0288,0
1276,914.0,1237.0,4.0,-21.9444,89.0,10.645,591.39,1.0288,0
1277,950.0,1237.0,6.0,-21.9444,89.0,10.645,591.39,1.0288,0
1278,986.0,1237.0,8.0,-21.9444,89.0,10.645,591.39,1.0288,0
1279,1022.0,1237.0,10.0,-21.9444,89.0,10.645,591.39,1.0288,0
1280,1057.0,1237.0,11.9444,-21.9444,89.0,10.645,591.39,1.0288,0
1281,1093.0,1237.0,13.9444,-21.9444,89.0,10.645,591.39,1.0288,0
1282,1129.0,1237.0,15.9444,-21.9444,89.0,10.645,591.39,1.0288,0
1283,1165.0,1237.0,17.9444,-21.9444,89.0,10.645,591.39,1.0288,0
1284,1201.0,1237.0,19.9444,-21.9444,89.0,10.645,591.39,1.0288,0
1285,1237.0,1237.0,21.9444,-21.9444,89.0,10.645,591.39,1.0288,0
1286,1273.0,1237.0,23.9444,-21.9444,89.0,10.645,591.39,1.0288,0
1287,1309.0,1237.0,25.9444,-21.9444,89.0,10.645,591.39,1.0288,0
1288,1345.0,1237.0,27.9444,-21.9444,89.0,10.645,591.39,1.0288,0
1289,1381.0,1237.0,29.9444,-21.9444,89.0,10.645,591.39,1.0288,0
1290,1417.0,1237.0,31.9444,-21.9444,89.0,10.645,591.39,1.0288,0
1291,1453.0,1237.0,33.9444,-21.9444,89.0,10.645,591.39,1.0288,0
1292,1488.0,1237.0,35.8889,-21.9444,89.0,10.645,591.39,1.0288,0
1293,1524.0,1237.0,37.8889,-21.9444,89.0,10.645,591.39,1.0288,0
1294,160.0,1273.0,-37.8889,-23.9444,89.0,10.645,591.39,1.0288,0
1295,196.0,1273.0,-35.8889,-23.9444,89.0,10.645,591.39,1.0288,0
1296,231.0,1273.0,-33.9444,-23.9444,89.0,10.645,591.39,1.0288,0
1297,267.0,1273.0,-31.9444,-23.9444,89.0,10.645,591.39,1.0288,0
1298,303.0,1273.0,-29.9444,-23.9444,89.0,10.645,591.39,1.0288,0
1299,339.0,1273.0,-27.9444,-23.9444,89.0,10.645,591.39,1.0288,0
1300,375.0,1273.0,-25.9444,-23.9444,89.0,10.645,591.39,1.0288,0
1301,411.0,1273.0,-23.9444,-23.9444,89.0,10.645,591.39,1.0288,0
1302,447.0,1273.0,-21.9444,-23.9444,89.0,10.645,591.39,1.0288,0
1303,483.0,1273.0,-19.9444,-23.9444,89.0,10.645,591.39,1.0288,0
1304,519.0,1273.0,-17.9444,-23.9444,89.0,10.645,591.39,1.0288,0
1305,555.0,1273.0,-15.9444,-23.9444,89.0,10.645,591.39,1.0288,0
1306,591.0,1273.0,-13.9444,-23.9444,89.0,10.645,591.39,1.0288,0
1307,627.0,1273.0,-11.9444,-23.9444,89.0,10.645,591.39,1.0288,0
1308,662.0,1273.0,-10.0,-23.9444,89.0,10.645,591.39,1.0288,0
1309,698.0,1273.0,-8.0,-23.9444,89.0,10.645,591.39,1.0288,0
1310,734.0,1273.0,-6.0,-23.9444,89.0,10.645,591.39,1.0288,0
1311,770.0,1273.0,-4.0,-23.9444,89.0,10.645,591.39,1.0288,0
1312,806.0,1273.0,-2.0,-23.9444,89.0,10.645,591.39,1.0288,0
1313,842.0,1273.0,0.0,-23.9444,89.0,10.645,591.39,1.0288,0
1314,878.0,1273.0,2.0,-23.9444,89.0,10.645,591.39,1.0288,0
1315,914.0,1273.0,4.0,-23.9444,89.0,10.645,591.39,1.0288,0
1316,950.0,1273.0,6.0,-23.9444,89.0,10.645,591.39,1.0288,0
1317,986.0,1273.0,8.0,-23.9444,89.0,10.645,591.39,1.0288,0
1318,1022.0,1273.0,10.0,-23.9444,89.0,10.645,591.39,1.0288,0
1319,1057.0,1273.0,11.9444,-23.9444,89.0,10.645,591.39,1.0288,0
1320,1093.0,1273.0,13.9444,-23.9444,89.0,10.645,591.39,1.0288,0
1321,1129.0,1273.0,15.9444,-23.9444,89.0,10.645,591.39,1.0288,0
1322,1165.0,1273.0,17.9444,-23.9444,89.0,10.645,591.39,1.0288,0
1323,1201.0,1273.0,19.9444,-23.9444,89.0,10.645,591.39,1.0288,0
1324,1237.0,1273.0,21.9444,-23.9444,89.0,10.645,591.39,1.0288,0
1325,1273.0,1273.0,23.9444,-23.9444,89.0,10.645,591.39,1.0288,0
1326,1309.0,1273.0,25.9444,-23.9444,89.0,10.645,591.39,1.0288,0
1327,1345.0,1273.0,27.9444,-23.9444,89.0,10.645,591.39,1.0288,0
1328,1381.0,1273.0,29.9444,-23.9444,89.0,10.645,591.39,1.0288,0
1329,1417.0,1273.0,31.9444,-23.9444,89.0,10.645,591.39,1.0288,0
1330,1453.0,1273.0,33.9444,-23.9444,89.0,10.645,591.39,1.0288,0
1331,1488.0,1273.0,35.8889,-23.9444,89.0,10.645,591.39,1.0288,0
1332,1524.0,1273.0,37.8889,-23.9444,89.0,10.645,591.39,1.0288,0
1333,196.0,1309.0,-35.8889,-25.9444,89.0,10.645,591.39,1.0288,0
1334,231.0,1309.0,-33.9444,-25.9444,89.0,10.645,591.39,1.0288,0
1335,267.0,1309.0,-31.9444,-25.9444,89.0,10.645,591.39,1.0288,0
1336,303.0,1309.0,-29.9444,-25.9444,89.0,10.645,591.39,1.0288,0
1337,339.0,1309.0,-27.9444,-25.9444,89.0,10.645,591.39,1.0288,0
1338,375.0,1309.0,-25.9444,-25.9444,89.0,10.645,591.39,1.0288,0
1339,411.0,1309.0,-23.9444,-25.9444,89.0,10.645,591.39,1.0288,0
1340,447.0,1309.0,-21.9444,-25.9444,89.0,10.645,591.39,1.0288,0
1341,483.0,1309.0,-19.9444,-25.9444,89.0,10.645,591.39,1.0288,0
1342,519.0,1309.0,-17.9444,-25.9444,89.0,10.645,591.39,1.0288,0
1343,555.0,1309.0,-15.9444,-25.9444,89.0,10.645,591.39,1.0288,0
1344,591.0,1309.0,-13.9444,-25.9444,89.0,10.645,591.39,1.0288,0
1345,627.0,1309.0,-11.9444,-25.9444,89.0,10.645,591.39,1.0288,0
1346,662.0,1309.0,-10.0,-25.9444,89.0,10.645,591.39,1.0288,0
1347,698.0,1309.0,-8.0,-25.9444,89.0,10.645,591.39,1.0288,0
1348,734.0,1309.0,-6.0,-25.9444,89.0,10.645,591.39,1.0288,0
1349,770.0,1309.0,-4.0,-25.9444,89.0,10.645,591.39,1.0288,0
1350,806.0,1309.0,-2.0,-25.9444,89.0,10.645,591.39,1.0288,0
1351,842.0,1309.0,0.0,-25.9444,89.0,10.645,591.39,1.0288,0
1352,878.0,1309.0,2.0,-25.9444,89.0,10.645,591.39,1.0288,0
1353,914.0,1309.0,4.0,-25.9444,89.0,10.645,591.39,1.0288,0
1354,950.0,1309.0,6.0,-25.9444,89.0,10.645,591.39,1.0288,0
1355,986.0,1309.0,8.0,-25.9444,89.0,10.645,591.39,1.0288,0
1356,1022.0,1309.0,10.0,-25.9444,89.0,10.645,591.39,1.0288,0
1357,1057.0,1309.0,11.9444,-25.9444,89.0,10.645,591.39,1.0288,0
1358,1093.0,1309.0,13.9444,-25.9444,89.0,10.645,591.39,1.0288,0
1359,1129.0,1309.0,15.9444,-25.9444,89.0,10.645,591.39,1.0288,0
1360,1165.0,1309.0,17.9444,-25.9444,89.0,10.645,591.39,1.0288,0
1361,1201.0,1309.0,19.9444,-25.9444,89.0,10.645,591.39,1.0288,0
1362,1237.0,1309.0,21.9444,-25.9444,89.0,10.645,591.39,1.0288,0
1363,1273.0,1309.0,23.9444,-25.9444,89.0,10.645,591.39,1.0288,0
1364,1309.0,1309.0,25.9444,-25.9444,89.0,10.645,591.39,1.0288,0
1365,1345.0,1309.0,27.9444,-25.9444,89.0,10.645,591.39,1.0288,0
1366,1381.0,1309.0,29.9444,-25.9444,89.0,10.645,591.39,1.0288,0
1367,1417.0,1309.0,31.9444,-25.9444,89.0,10.645,591.39,1.0288,0
1368,1453.0,1309.0,33.9444,-25.9444,89.0,10.645,591.39,1.0288,0
1369,1488.0,1309.0,35.8889,-25.9444,89.0,10.645,591.39,1.0288,0
1370,231.0,1345.0,-33.9444,-27.9444,89.0,10.645,591.39,1.0288,0
1371,267.0,1345.0,-31.9444,-27.9444,89.0,10.645,591.39,1.0288,0
1372,303.0,1345.0,-29.9444,-27.9444,89.0,10.645,591.39,1.0288,0
1373,339.0,1345.0,-27.9444,-27.9444,89.0,10.645,591.39,1.0288,0
1374,375.0,1345.0,-25.9444,-27.9444,89.0,10.645,591.39,1.0288,0
1375,411.0,1345.0,-23.9444,-27.9444,89.0,10.645,591.39,1.0288,0
1376,447.0,1345.0,-21.9444,-27.9444,89.0,10.645,591.39,1.0288,0
1377,483.0,1345.0,-19.9444,-27.9444,89.0,10.645,591.39,1.0288,0
1378,519.0,1345.0,-17.9444,-27.9444,89.0,10.645,591.39,1.0288,0
1379,555.0,1345.0,-15.9444,-27.9444,89.0,10.645,591.39,1.0288,0
1380,591.0,1345.0,-13.9444,-27.9444,89.0,10.645,591.39,1.0288,0
1381,627.0,1345.0,-11.9444,-27.9444,89.0,10.645,591.39,1.0288,0
1382,662.0,1345.0,-10.0,-27.9444,89.0,10.645,591.39,1.0288,0
1383,698.0,1345.0,-8.0,-27.9444,89.0,10.645,591.39,1.0288,0
1384,734.0,1345.0,-6.0,-27.9444,89.0,10.645,591.39,1.0288,0
1385,770.0,1345.0,-4.0,-27.9444,89.0,10.645,591.39,1.0288,0
1386,806.0,1345.0,-2.0,-27.9444,89.0,10.645,591.39,1.0288,0
1387,842.0,1345.0,0.0,-27.9444,89.0,10.645,591.39,1.0288,0
1388,878.0,1345.0,2.0,-27.9444,89.0,10.645,591.39,1.0288,0
1389,914.0,1345.0,4.0,-27.9444,89.0,10.645,591.39,1.0288,0
1390,950.0,1345.0,6.0,-27.9444,89.0,10.645,591.39,1.0288,0
1391,986.0,1345.0,8.0,-27.9444,89.0,10.645,591.39,1.0288,0
1392,1022.0,1345.0,10.0,-27.9444,89.0,10.645,591.39,1.0288,0
1393,1057.0,1345.0,11.9444,-27.9444,89.0,10.645,591.39,1.0288,0
1394,1093.0,1345.0,13.9444,-27.9444,89.0,10.645,591.39,1.0288,0
1395,1129.0,1345.0,15.9444,-27.9444,89.0,10.645,591.39,1.0288,0
1396,1165.0,1345.0,17.9444,-27.9444,89.0,10.645,591.39,1.0288,0
1397,1201.0,1345.0,19.9444,-27.9444,89.0,10.645,591.39,1.0288,0
1398,1237.0,1345.0,21.9444,-27.9444,89.0,10.645,591.39,1.0288,0
1399,1273.0,1345.0,23.9444,-27.9444,89.0,10.645,591.39,1.0288,0
1400,1309.0,1345.0,25.9444,-27.9444,89.0,10.645,591.39,1.0288,0
1401,1345.0,1345.0,27.9444,-27.9444,89.0,10.645,591.39,1.0288,0
1402,1381.0,1345.0,29.9444,-27.9444,89.0,10.645,591.39,1.0288,0
1403,1417.0,1345.0,31.9444,-27.9444,89.0,10.645,591.39,1.0288,0
1404,1453.0,1345.0,33.9444,-27.9444,89.0,10.645,591.39,1.0288,0
1405,267.0,1381.0,-31.9444,-29.9444,89.0,10.645,591.39,1.0288,0
1406,303.0,1381.0,-29.9444,-29.9444,89.0,10.645,591.39,1.0288,0
1407,339.0,1381.0,-27.9444,-29.9444,89.0,10.645,591.39,1.0288,0
1408,375.0,1381.0,-25.9444,-29.9444,89.0,10.645,591.39,1.0288,0
1409,411.0,1381.0,-23.9444,-29.9444,89.0,10.645,591.39,1.0288,0
1410,447.0,1381.0,-21.9444,-29.9444,89.0,10.645,591.39,1.0288,0
1411,483.0,1381.0,-19.9444,-29.9444,89.0,10.645,591.39,1.0288,0
1412,519.0,1381.0,-17.9444,-29.9444,89.0,10.645,591.39,1.0288,0
1413,555.0,1381.0,-15.9444,-29.9444,89.0,10.645,591.39,1.0288,0
1414,591.0,1381.0,-13.9444,-29.9444,89.0,10.645,591.39,1.0288,0
1415,627.0,1381.0,-11.9444,-29.9444,89.0,10.645,591.39,1.0288,0
1416,662.0,1381.0,-10.0,-29.9444,89.0,10.645,591.39,1.0288,0
1417,698.0,1381.0,-8.0,-29.9444,89.0,10.645,591.39,1.0288,0
1418,734.0,1381.0,-6.0,-29.9444,89.0,10.645,591.39,1.0288,0
1419,770.0,1381.0,-4.0,-29.9444,89.0,10.645,591.39,1.0288,0
1420,806.0,1381.0,-2.0,-29.9444,89.0,10.645,591.39,1.0288,0
1421,842.0,1381.0,0.0,-29.9444,89.0,10.645,591.39,1.0288,0
1422,878.0,1381.0,2.0,-29.9444,89.0,10.645,591.39,1.0288,0
1423,914.0,1381.0,4.0,-29.9444,89.0,10.645,591.39,1.0288,0
1424,950.0,1381.0,6.0,-29.9444,89.0,10.645,591.39,1.0288,0
1425,986.0,1381.0,8.0,-29.9444,89.0,10.645,591.39,1.0288,0
1426,1022.0,1381.0,10.0,-29.9444,89.0,10.645,591.39,1.0288,0
1427,1057.0,1381.0,11.9444,-29.9444,89.0,10.645,591.39,1.0288,0
1428,1093.0,1381.0,13.9444,-29.9444,89.0,10.645,591.39,1.0288,0
1429,1129.0,1381.0,15.9444,-29.9444,89.0,10.645,591.39,1.0288,0
1430,1165.0,1381.0,17.9444,-29.9444,89.0,10.645,591.39,1.0288,0
1431,1201.0,1381.0,19.9444,-29.9444,89.0,10.645,591.39,1.0288,0
1432,1237.0,1381.0,21.9444,-29.9444,89.0,10.645,591.39,1.0288,0
1433,1273.0,1381.0,23.9444,-29.9444,89.0,10.645,591.39,1.0288,0
1434,1309.0,1381.0,25.9444,-29.9444,89.0,10.645,591.39,1.0288,0
1435,1345.0,1381.0,27.9444,-29.9444,89.0,10.645,591.39,1.0288,0
1436,1381.0,1381.0,29.9444,-29.9444,89.0,10.645,591.39,1.0288,0
1437,1417.0,1381.0,31.9444,-29.9444,89.0,10.645,591.39,1.0288,0
1438,303.0,1417.0,-29.9444,-31.9444,89.0,10.645,591.39,1.0288,0
1439,339.0,1417.0,-27.9444,-31.9444,89.0,10.645,591.39,1.0288,0
1440,375.0,1417.0,-25.9444,-31.9444,89.0,10.645,591.39,1.0288,0
1441,411.0,1417.0,-23.9444,-31.9444,89.0,10.645,591.39,1.0288,0
1442,447.0,1417.0,-21.9444,-31.9444,89.0,10.645,591.39,1.0288,0
1443,483.0,1417.0,-19.9444,-31.9444,89.0,10.645,591.39,1.0288,0
1444,519.0,1417.0,-17.9444,-31.9444,89.0,10.645,591.39,1.0288,0
1445,555.0,1417.0,-15.9444,-31.9444,89.0,10.645,591.39,1.0288,0
1446,591.0,1417.0,-13.9444,-31.9444,89.0,10.645,591.39,1.0288,0
1447,627.0,1417.0,-11.9444,-31.9444,89.0,10.645,591.39,1.0288,0
1448,662.0,1417.0,-10.0,-31.9444,89.0,10.645,591.39,1.0288,0
1449,698.0,1417.0,-8.0,-31.9444,89.0,10.645,591.39,1.0288,0
1450,734.0,1417.0,-6.0,-31.9444,89.0,10.645,591.39,1.0288,0
1451,770.0,1417.0,-4.0,-31.9444,89.0,10.645,591.39,1.0288,0
1452,806.0,1417.0,-2.0,-31.9444,89.0,10.645,591.39,1.0288,0
1453,842.0,1417.0,0.0,-31.9444,89.0,10.645,591.39,1.0288,0
1454,878.0,1417.0,2.0,-31.9444,89.0,10.645,591.39,1.0288,0
1455,914.0,1417.0,4.0,-31.9444,89.0,10.645,591.39,1.0288,0
1456,950.0,1417.0,6.0,-31.9444,89.0,10.645,591.39,1.0288,0
1457,986.0,1417.0,8.0,-31.9444,89.0,10.645,591.39,1.0288,0
1458,1022.0,1417.0,10.0,-31.9444,89.0,10.645,591.39,1.0288,0
1459,1057.0,1417.0,11.9444,-31.9444,89.0,10.645,591.39,1.0288,0
1460,1093.0,1417.0,13.9444,-31.9444,89.0,10.645,591.39,1.0288,0
1461,1129.0,1417.0,15.9444,-31.9444,89.0,10.645,591.39,1.0288,0
1462,1165.0,1417.0,17.9444,-31.9444,89.0,10.645,591.39,1.0288,0
1463,1201.0,1417.0,19.9444,-31.9444,89.0,10.645,591.39,1.0288,0
1464,1237.0,1417.0,21.9444,-31.9444,89.0,10.645,591.39,1.0288,0
1465,1273.0,1417.0,23.9444,-31.9444,89.0,10.645,591.39,1.0288,0
1466,1309.0,1417.0,25.9444,-31.9444,89.0,10.645,591.39,1.0288,0
1467,1345.0,1417.0,27.9444,-31.9444,89.0,10.645,591.39,1.0288,0
1468,1381.0,1417.0,29.9444,-31.9444,89.0,10.645,591.39,1.0288,0
1469,339.0,1453.0,-27.9444,-33.9444,89.0,10.645,591.39,1.0288,0
1470,375.0,1453.0,-25.9444,-33.9444,89.0,10.645,591.39,1.0288,0
1471,411.0,1453.0,-23.9444,-33.9444,89.0,10.645,591.39,1.0288,0
1472,447.0,1453.0,-21.9444,-33.9444,89.0,10.645,591.39,1.0288,0
1473,483.0,1453.0,-19.9444,-33.9444,89.0,10.645,591.39,1.0288,0
1474,519.0,1453.0,-17.9444,-33.9444,89.0,10.645,591.39,1.0288,0
1475,555.0,1453.0,-15.9444,-33.9444,89.0,10.645,591.39,1.0288,0
1476,591.0,1453.0,-13.9444,-33.9444,89.0,10.645,591.39,1.0288,0
1477,627.0,1453.0,-11.9444,-33.9444,89.0,10.645,591.39,1.0288,0
1478,662.0,1453.0,-10.0,-33.9444,89.0,10.645,591.39,1.0288,0
1479,698.0,1453.0,-8.0,-33.9444,89.0,10.645,591.39,1.0288,0
1480,734.0,1453.0,-6.0,-33.9444,89.0,10.645,591.39,1.0288,0
1481,770.0,1453.0,-4.0,-33.9444,89.0,10.645,591.39,1.0288,0
1482,806.0,1453.0,-2.0,-33.9444,89.0,10.645,591.39,1.0288,0
1483,842.0,1453.0,0.0,-33.9444,89.0,10.645,591.39,1.0288,0
1484,878.0,1453.0,2.0,-33.9444,89.0,10.645,591.39,1.0288,0
1485,914.0,1453.0,4.0,-33.9444,89.0,10.645,591.39,1.0288,0
1486,950.0,1453.0,6.0,-33.9444,89.0,10.645,591.39,1.0288,0
1487,986.0,1453.0,8.0,-33.9444,89.0,10.645,591.39,1.0288,0
1488,1022.0,1453.0,10.0,-33.9444,89.0,10.645,591.39,1.0288,0
1489,1057.0,1453.0,11.9444,-33.9444,89.0,10.645,591.39,1.0288,0
1490,1093.0,1453.0,13.9444,-33.9444,89.0,10.645,591.39,1.0288,0
1491,1129.0,1453.0,15.9444,-33.9444,89.0,10.645,591.39,1.0288,0
1492,1165.0,1453.0,17.9444,-33.9444,89.0,10.645,591.39,1.0288,0
1493,1201.0,1453.0,19.9444,-33.9444,89.0,10.645,591.39,1.0288,0
1494,1237.0,1453.0,21.9444,-33.9444,89.0,10.645,591.39,1.0288,0
1495,1273.0,1453.0,23.9444,-33.9444,89.0,10.645,591.39,1.0288,0
1496,1309.0,1453.0,25.9444,-33.9444,89.0,10.645,591.39,1.0288,0
1497,1345.0,1453.0,27.9444,-33.9444,89.0,10.645,591.39,1.0288,0
1498,375.0,1488.0,-25.9444,-35.8889,89.0,10.645,591.39,1.0288,0
1499,411.0,1488.0,-23.9444,-35.8889,89.0,10.645,591.39,1.0288,0
1500,447.0,1488.0,-21.9444,-35.8889,89.0,10.645,591.39,1.0288,0
1501,483.0,1488.0,-19.9444,-35.8889,89.0,10.645,591.39,1.0288,0
1502,519.0,1488.0,-17.9444,-35.8889,89.0,10.645,591.39,1.0288,0
1503,555.0,1488.0,-15.9444,-35.8889,89.0,10.645,591.39,1.0288,0
1504,591.0,1488.0,-13.9444,-35.8889,89.0,10.645,591.39,1.0288,0
1505,627.0,1488.0,-11.9444,-35.8889,89.0,10.645,591.39,1.0288,0
1506,662.0,1488.0,-10.0,-35.8889,89.0,10.645,591.39,1.0288,0
1507,698.0,1488.0,-8.0,-35.8889,89.0,10.645,591.39,1.0288,0
1508,734.0,1488.0,-6.0,-35.8889,89.0,10.645,591.39,1.0288,0
1509,770.0,1488.0,-4.0,-35.8889,89.0,10.645,591.39,1.0288,0
1510,806.0,1488.0,-2.0,-35.8889,89.0,10.645,591.39,1.0288,0
1511,842.0,1488.0,0.0,-35.8889,89.0,10.645,591.39,1.0288,0
1512,878.0,1488.0,2.0,-35.8889,89.0,10.645,591.39,1.0288,0
1513,914.0,1488.0,4.0,-35.8889,89.0,10.645,591.39,1.0288,0
1514,950.0,1488.0,6.0,-35.8889,89.0,10.645,591.39,1.0288,0
1515,986.0,1488.0,8.0,-35.8889,89.0,10.645,591.39,1.0288,0
1516,1022.0,1488.0,10.0,-35.8889,89.0,10.645,591.39,1.0288,0
1517,1057.0,1488.0,11.9444,-35.8889,89.0,10.645,591.39,1.0288,0
1518,1093.0,1488.0,13.9444,-35.8889,89.0,10.645,591.39,1.0288,0
1519,1129.0,1488.0,15.9444,-35.8889,89.0,10.645,591.39,1.0288,0
1520,1165.0,1488.0,17.9444,-35.8889,89.0,10.645,591.39,1.0288,0
1521,1201.0,1488.0,19.9444,-35.8889,89.0,10.645,591.39,1.0288,0
1522,1237.0,1488.0,21.9444,-35.8889,89.0,10.645,591.39,1.0288,0
1523,1273.0,1488.0,23.9444,-35.8889,89.0,10.645,591.39,1.0288,0
1524,1309.0,1488.0,25.9444,-35.8889,89.0,10.645,591.39,1.0288,0
1525,411.0,1524.0,-23.9444,-37.8889,89.0,10.645,591.39,1.0288,0
1526,447.0,1524.0,-21.9444,-37.8889,89.0,10.645,591.39,1.0288,0
1527,483.0,1524.0,-19.9444,-37.8889,89.0,10.645,591.39,1.0288,0
1528,519.0,1524.0,-17.9444,-37.8889,89.0,10.645,591.39,1.0288,0
1529,555.0,1524.0,-15.9444,-37.8889,89.0,10.645,591.39,1.0288,0
1530,591.0,1524.0,-13.9444,-37.8889,89.0,10.645,591.39,1.0288,0
1531,627.0,1524.0,-11.9444,-37.8889,89.0,10.645,591.39,1.0288,0
1532,662.0,1524.0,-10.0,-37.8889,89.0,10.645,591.39,1.0288,0
1533,698.0,1524.0,-8.0,-37.8889,89.0,10.645,591.39,1.0288,0
1534,734.0,1524.0,-6.0,-37.8889,89.0,10.645,591.39,1.0288,0
1535,770.0,1524.0,-4.0,-37.8889,89.0,10.645,591.39,1.0288,0
1536,806.0,1524.0,-2.0,-37.8889,89.0,10.645,591.39,1.0288,0
1537,842.0,1524.0,0.0,-37.8889,89.0,10.645,591.39,1.0288,0
1538,878.0,1524.0,2.0,-37.8889,89.0,10.645,591.39,1.0288,0
1539,914.0,1524.0,4.0,-37.8889,89.0,10.645,591.39,1.0288,0
1540,950.0,1524.0,6.0,-37.8889,89.0,10.645,591.39,1.0288,0
1541,986.0,1524.0,8.0,-37.8889,89.0,10.645,591.39,1.0288,0
1542,1022.0,1524.0,10.0,-37.8889,89.0,10.645,591.39,1.0288,0
1543,1057.0,1524.0,11.9444,-37.8889,89.0,10.645,591.39,1.0288,0
1544,1093.0,1524.0,13.9444,-37.8889,89.0,10.645,591.39,1.0288,0
1545,1129.0,1524.0,15.9444,-37.8889,89.0,10.645,591.39,1.0288,0
1546,1165.0,1524.0,17.9444,-37.8889,89.0,10.645,591.39,1.0288,0
1547,1201.0,1524.0,19.9444,-37.8889,89.0,10.645,591.39,1.0288,0
1548,1237.0,1524.0,21.9444,-37.8889,89.0,10.645,591.39,1.0288,0
1549,1273.0,1524.0,23.9444,-37.8889,89.0,10.645,591.39,1.0288,0
1550,483.0,1560.0,-19.9444,-39.8889,89.0,10.645,591.39,1.0288,0
1551,519.0,1560.0,-17.9444,-39.8889,89.0,10.645,591.39,1.0288,0
1552,555.0,1560.0,-15.9444,-39.8889,89.0,10.645,591.39,1.0288,0
1553,591.0,1560.0,-13.9444,-39.8889,89.0,10.645,591.39,1.0288,0
1554,627.0,1560.0,-11.9444,-39.8889,89.0,10.645,591.39,1.0288,0
1555,662.0,1560.0,-10.0,-39.8889,89.0,10.645,591.39,1.0288,0
1556,698.0,1560.0,-8.0,-39.8889,89.0,10.645,591.39,1.0288,0
1557,734.0,1560.0,-6.0,-39.8889,89.0,10.645,591.39,1.0288,0
1558,770.0,1560.0,-4.0,-39.8889,89.0,10.645,591.39,1.0288,0
1559,806.0,1560.0,-2.0,-39.8889,89.0,10.645,591.39,1.0288,0
1560,842.0,1560.0,0.0,-39.8889,89.0,10.645,591.39,1.0288,0
1561,878.0,1560.0,2.0,-39.8889,89.0,10.645,591.39,1.0288,0
1562,914.0,1560.0,4.0,-39.8889,89.0,10.645,591.39,1.0288,0
1563,950.0,1560.0,6.0,-39.8889,89.0,10.645,591.39,1.0288,0
1564,986.0,1560.0,8.0,-39.8889,89.0,10.645,591.39,1.0288,0
1565,1022.0,1560.0,10.0,-39.8889,89.0,10.645,591.39,1.0288,0
1566,1057.0,1560.0,11.9444,-39.8889,89.0,10.645,591.39,1.0288,0
1567,1093.0,1560.0,13.9444,-39.8889,89.0,10.645,591.39,1.0288,0
1568,1129.0,1560.0,15.9444,-39.8889,89.0,10.645,591.39,1.0288,0
1569,1165.0,1560.0,17.9444,-39.8889,89.0,10.645,591.39,1.0288,0
1570,1201.0,1560.0,19.9444,-39.8889,89.0,10.645,591.39,1.0288,0
1571,555.0,1596.0,-15.9444,-41.8889,89.0,10.645,591.39,1.0288,0
1572,591.0,1596.0,-13.9444,-41.8889,89.0,10.645,591.39,1.0288,0
1573,627.0,1596.0,-11.9444,-41.8889,89.0,10.645,591.39,1.0288,0
1574,662.0,1596.0,-10.0,-41.8889,89.0,10.645,591.39,1.0288,0
1575,698.0,1596.0,-8.0,-41.8889,89.0,10.645,591.39,1.0288,0
1576,734.0,1596.0,-6.0,-41.8889,89.0,10.645,591.39,1.0288,0
1577,770.0,1596.0,-4.0,-41.8889,89.0,10.645,591.39,1.0288,0
1578,806.0,1596.0,-2.0,-41.8889,89.0,10.645,591.39,1.0288,0
1579,842.0,1596.0,0.0,-41.8889,89.0,10.645,591.39,1.0288,0
1580,878.0,1596.0,2.0,-41.8889,89.0,10.645,591.39,1.0288,0
1581,914.0,1596.0,4.0,-41.8889,89.0,10.645,591.39,1.0288,0
1582,950.0,1596.0,6.0,-41.8889,89.0,10.645,591.39,1.0288,0
1583,986.0,1596.0,8.0,-41.8889,89.0,10.645,591.39,1.0288,0
1584,1022.0,1596.0,10.0,-41.8889,89.0,10.645,591.39,1.0288,0
1585,1057.0,1596.0,11.9444,-41.8889,89.0,10.645,591.39,1.0288,0
1586,1093.0,1596.0,13.9444,-41.8889,89.0,10.645,591.39,1.0288,0
1587,1129.0,1596.0,15.9444,-41.8889,89.0,10.645,591.39,1.0288,0
1588,698.0,1632.0,-8.0,-43.8889,89.0,10.645,591.39,1.0288,0
1589,734.0,1632.0,-6.0,-43.8889,89.0,10.645,591.39,1.0288,0
1590,770.0,1632.0,-4.0,-43.8889,89.0,10.645,591.39,1.0288,0
1591,806.0,1632.0,-2.0,-43.8889,89.0,10.645,591.39,1.0288,0
1592,842.0,1632.0,0.0,-43.8889,89.0,10.645,591.39,1.0288,0
1593,878.0,1632.0,2.0,-43.8889,89.0,10.645,591.39,1.0288,0
1594,914.0,1632.0,4.0,-43.8889,89.0,10.645,591.39,1.0288,0
1595,950.0,1632.0,6.0,-43.8889,89.0,10.645,591.39,1.0288,0
1596,986.0,1632.0,8.0,-43.8889,89.0,10.645,591.39,1.0288,0
