family,parameter,value,n_detected,n_matched,frac,retained,pixel_um,pixel_err_pct,angle_err_deg,rms_um,complete,accurate,reliable,note
contrast,c,1.0000,1500,1500,0.9393,1.0000,99.9804,0.0000,0.0000,51.6115,True,True,True,
contrast,c,0.7000,1505,1505,0.9424,1.0033,99.9810,0.0006,0.0012,53.1898,True,True,True,
contrast,c,0.5000,1542,1542,0.9656,1.0280,99.9810,0.0005,0.0008,54.4998,True,True,True,
contrast,c,0.3500,1542,1542,0.9656,1.0280,99.9810,0.0006,0.0008,54.4995,True,True,True,
contrast,c,0.2500,1541,1541,0.9649,1.0273,99.9803,-0.0001,0.0005,53.9960,True,True,True,
contrast,c,0.1500,1542,1542,0.9656,1.0280,99.9810,0.0006,0.0008,54.5066,True,True,True,
contrast,c,0.0800,1542,1542,0.9656,1.0280,99.9810,0.0006,0.0008,54.5181,True,True,True,
noise,sigma,0,1500,1500,0.9393,1.0000,99.9804,0.0000,0.0000,51.6115,True,True,True,
noise,sigma,5,1501,1501,0.9399,1.0007,99.9800,-0.0005,-0.0019,53.6032,True,True,True,
noise,sigma,10,1501,1501,0.9399,1.0007,99.9808,0.0004,-0.0027,59.2732,True,True,True,
noise,sigma,20,1504,1503,0.9411,1.0020,99.9832,0.0028,-0.0058,84.9428,True,True,True,
noise,sigma,30,1094,1064,0.6662,0.7093,99.9771,-0.0033,-0.0167,134.7054,False,True,False,
noise,sigma,45,478,271,0.1697,0.1807,83.7800,-16.2035,-35.1371,606.4781,False,False,False,
noise,sigma,60,0,0,0.0000,0.0000,,,,,False,False,False,pipeline collapsed
blur,sigma,0,1500,1500,0.9393,1.0000,99.9804,0.0000,0.0000,51.6115,True,True,True,
blur,sigma,0.5000,1501,1501,0.9399,1.0007,99.9826,0.0022,0.0000,51.4747,True,True,True,
blur,sigma,1.0000,1505,1505,0.9424,1.0033,99.9845,0.0041,-0.0019,53.8919,True,True,True,
blur,sigma,2.0000,1509,1509,0.9449,1.0060,99.9859,0.0055,-0.0060,55.9503,True,True,True,
blur,sigma,3.0000,1515,1515,0.9487,1.0100,99.9883,0.0079,-0.0082,59.6215,True,True,True,
blur,sigma,4.0000,1516,1516,0.9493,1.0107,99.9910,0.0106,-0.0097,62.3748,True,True,True,
blur,sigma,6.0000,551,538,0.3369,0.3587,99.9948,0.0143,-0.0205,88.3244,False,True,False,
background,amp,0,1500,1500,0.9393,1.0000,99.9804,0.0000,0.0000,51.6115,True,True,True,
background,amp,20,1500,1500,0.9393,1.0000,99.9819,0.0015,0.0000,50.7433,True,True,True,
background,amp,40,1498,1498,0.9380,0.9987,99.9824,0.0019,-0.0008,50.3479,True,True,True,
background,amp,60,1504,1504,0.9418,1.0027,99.9875,0.0070,-0.0007,50.6317,True,True,True,
background,amp,90,1496,1496,0.9368,0.9973,99.9835,0.0031,-0.0010,49.4281,True,True,True,
background,amp,120,0,0,0.0000,0.0000,,,,,False,False,False,pipeline collapsed
occlusion,frac,0.0000,1500,1500,0.9393,1.0000,99.9804,0.0000,0.0000,51.6115,True,True,True,
occlusion,frac,0.0500,1393,1380,0.8641,0.9200,99.9834,0.0030,0.0028,50.5014,False,True,False,
occlusion,frac,0.1000,1317,1292,0.8090,0.8613,99.9880,0.0076,0.0032,50.5590,False,True,False,
occlusion,frac,0.2000,1160,1119,0.7007,0.7460,99.9827,0.0023,0.0069,49.3223,False,True,False,
occlusion,frac,0.3000,1013,984,0.6162,0.6560,99.9811,0.0007,0.0063,50.4166,False,True,False,
occlusion,frac,0.4500,0,0,0.0000,0.0000,,,,,False,False,False,pipeline collapsed
geometry,rot0.0_shift0+0,0.0000,1500,1500,0.9393,1.0000,99.9804,0.0000,0.0000,51.6115,True,True,True,recovery of an applied transform
geometry,rot0.5_shift0+0,0.5000,1500,1500,0.9393,1.0000,99.9810,0.0006,-0.0000,51.1955,True,True,True,recovery of an applied transform
geometry,rot2.0_shift0+0,2.0000,1500,1500,0.9393,1.0000,99.9798,-0.0006,-0.0006,52.1102,True,True,True,recovery of an applied transform
geometry,rot5.0_shift0+0,5.0000,1500,1500,0.9393,1.0000,99.9809,0.0005,0.0001,51.8297,True,True,True,recovery of an applied transform
geometry,rot0.0_shift15+-20,0.0000,1499,1499,0.9386,0.9993,99.9962,0.0158,-0.0004,54.5018,True,True,True,recovery of an applied transform
geometry,rot3.0_shift25+10,3.0000,1489,1489,0.9324,0.9927,99.9844,0.0040,0.0012,53.0915,True,True,True,recovery of an applied transform
bg_size,px,11,1494,1486,0.9305,0.9907,99.9647,-0.0158,-0.0118,76.8069,True,True,True,
bg_size,px,17,1503,1501,0.9399,1.0007,99.9840,0.0036,0.0026,52.3023,True,True,True,
bg_size,px,25,1500,1500,0.9393,1.0000,99.9804,0.0000,0.0000,51.6115,True,True,True,
bg_size,px,35,1500,1500,0.9393,1.0000,99.9744,-0.0060,0.0006,52.5048,True,True,True,
bg_size,px,45,1501,1500,0.9393,1.0000,99.9785,-0.0019,0.0013,52.7627,True,True,True,
bg_size,px,61,1500,1500,0.9393,1.0000,99.9875,0.0071,0.0018,51.8191,True,True,True,
min_spot_px,px,2,1500,1500,0.9393,1.0000,99.9804,0.0000,0.0000,51.6115,True,True,True,
min_spot_px,px,4,1500,1500,0.9393,1.0000,99.9804,0.0000,0.0000,51.6115,True,True,True,
min_spot_px,px,8,1500,1500,0.9393,1.0000,99.9804,0.0000,0.0000,51.6115,True,True,True,
min_spot_px,px,16,1500,1500,0.9393,1.0000,99.9804,0.0000,0.0000,51.6115,True,True,True,
min_spot_px,px,32,1500,1500,0.9393,1.0000,99.9804,0.0000,0.0000,51.6115,True,True,True,
min_spot_px,px,64,1500,1500,0.9393,1.0000,99.9796,-0.0008,-0.0000,51.2047,True,True,True,
max_ecc,e,0.5500,0,0,0.0000,0.0000,,,,,False,False,False,pipeline collapsed
max_ecc,e,0.7000,1500,1500,0.9393,1.0000,99.9821,0.0017,-0.0010,51.1598,True,True,True,
max_ecc,e,0.8500,1500,1500,0.9393,1.0000,99.9804,0.0000,0.0000,51.6115,True,True,True,
max_ecc,e,0.9500,1502,1502,0.9405,1.0013,99.9838,0.0034,-0.0005,55.0068,True,True,True,
max_ecc,e,0.9900,1506,1502,0.9405,1.0013,99.9802,-0.0002,-0.0020,68.2536,True,True,True,
gate,frac,0.2000,0,0,0.0000,0.0000,,,,,False,False,False,pipeline collapsed
gate,frac,0.3000,0,0,0.0000,0.0000,,,,,False,False,False,pipeline collapsed
gate,frac,0.4500,1500,1500,0.9393,1.0000,99.9804,0.0000,0.0000,51.6115,True,True,True,
gate,frac,0.6000,1500,1500,0.9393,1.0000,99.9804,0.0000,0.0000,51.6115,True,True,True,
gate,frac,0.7500,1500,1500,0.9393,1.0000,99.9804,0.0000,0.0000,51.6115,True,True,True,
